{"gradients/actor.mu.0.bias":{"values":[1,0,1,1,3,4,13,13,12,178,3,3,5,3,1,2,3,1,1,3,4,4,2,6,3,1,1,3,4,0,6,5,4,1,9,4,5,6,4,10,4,6,3,6,5,5,5,4,3,1,0,1,3,2,2,5,1,2,1,2,1,2,2,1],"bins":[-3.893450666037079e-12,-3.5028969742195715e-12,-3.1123432824020636e-12,-2.7217893737441212e-12,-2.3312356819266133e-12,-1.9406819901091055e-12,-1.5501281898713803e-12,-1.1595743896336552e-12,-7.690206978161473e-13,-3.7846695178853085e-13,1.2086794239085652e-14,4.0264054026670215e-13,7.931942862943187e-13,1.1837479781118265e-12,1.5743017783495517e-12,1.9648555785872768e-12,2.3554092704047846e-12,2.7459629622222925e-12,3.1365166540398004e-12,3.5270705626977428e-12,3.917624037674816e-12,4.3081779463327585e-12,4.698731854990701e-12,5.089285329967774e-12,5.479839238625717e-12,5.870393147283659e-12,6.260946622260732e-12,6.651500530918675e-12,7.042054439576617e-12,7.43260834823456e-12,7.823161389530764e-12,8.213715298188706e-12,8.60426833948491e-12,8.994822248142853e-12,9.385376156800795e-12,9.775929198097e-12,1.0166483106754942e-11,1.0557037015412885e-11,1.0947590924070827e-11,1.133814483272877e-11,1.1728697874024974e-11,1.2119251782682916e-11,1.2509805691340858e-11,1.29003595999988e-11,1.3290913508656743e-11,1.3681467417314686e-11,1.407202045861089e-11,1.4462574367268832e-11,1.4853129143288513e-11,1.524368131722298e-11,1.563423522588092e-11,1.6024789134538864e-11,1.6415343043196806e-11,1.680589695185475e-11,1.719645086051269e-11,1.7587004769170633e-11,1.7977558677828576e-11,1.8368112586486518e-11,1.875866649514446e-11,1.9149218669078927e-11,1.953977257773687e-11,1.993032648639481e-11,2.0320880395052754e-11,2.0711434303710696e-11,2.110198821236864e-11],"_type":"histogram"},"gradients/actor.mu.4.bias":{"bins":[0,8.669349960133133e-13,1.7338699920266265e-12,2.6008049880399398e-12,3.467739984053253e-12,4.334674980066566e-12,5.2016099760798795e-12,6.068544972093193e-12,6.935479968106506e-12,7.80241496411982e-12,8.669349960133133e-12,9.536284956146446e-12,1.0403219952159759e-11,1.1270154948173072e-11,1.2137089944186386e-11,1.3004024940199699e-11,1.3870959936213012e-11,1.4737894932226325e-11,1.560482992823964e-11,1.6471764924252952e-11,1.7338699920266265e-11,1.8205634916279578e-11,1.907256991229289e-11,1.9939504908306205e-11,2.0806439904319518e-11,2.167337490033283e-11,2.2540309896346145e-11,2.3407244892359458e-11,2.427417988837277e-11,2.5141114884386084e-11,2.6008049880399398e-11,2.687498487641271e-11,2.7741919872426024e-11,2.8608854868439337e-11,2.947578986445265e-11,3.0342724860465964e-11,3.120965985647928e-11,3.207659485249259e-11,3.2943529848505904e-11,3.381046484451922e-11,3.467739984053253e-11,3.5544334836545843e-11,3.6411269832559157e-11,3.727820482857247e-11,3.814513982458578e-11,3.9012074820599096e-11,3.987900981661241e-11,4.074594481262572e-11,4.1612879808639036e-11,4.247981480465235e-11,4.334674980066566e-11,4.4213684796678976e-11,4.508061979269229e-11,4.59475547887056e-11,4.6814489784718916e-11,4.768142478073223e-11,4.854835977674554e-11,4.9415294772758855e-11,5.028222976877217e-11,5.114916476478548e-11,5.2016099760798795e-11,5.288303475681211e-11,5.374996975282542e-11,5.4616904748838735e-11,5.548383974485205e-11],"_type":"histogram","values":[3,0,0,0,0,0,0,0,0,0,0,0,0,0,0,0,0,0,0,0,0,0,0,0,0,0,0,0,0,0,0,0,0,0,0,0,0,0,0,0,0,0,0,0,0,0,0,0,0,0,0,0,0,0,0,0,0,0,0,0,0,0,0,1]},"gradients/critic.qf0.4.bias":{"_type":"histogram","values":[1],"bins":[-1,-1]},"rollout/success_rate":0.32,"train/learning_rate":0.001,"gradients/critic.qf0.0.weight":{"values":[3,0,0,0,0,0,0,3,0,0,0,0,0,0,1,0,0,0,9,0,1,0,2,3,5,13,4,24,34,68,188,5335,5538,206,84,31,23,5,8,4,1,0,0,1,0,3,0,1,0,0,0,0,0,0,0,0,1,0,0,0,0,0,0,1],"bins":[-2.102839231491089,-2.037125587463379,-1.9714118242263794,-1.9056980609893799,-1.8399842977523804,-1.7742706537246704,-1.708556890487671,-1.6428431272506714,-1.5771293640136719,-1.511415719985962,-1.4457019567489624,-1.379988193511963,-1.314274549484253,-1.2485607862472534,-1.182847023010254,-1.117133378982544,-1.0514196157455444,-0.9857059121131897,-0.9199921488761902,-0.8542784452438354,-0.7885646820068359,-0.7228509783744812,-0.6571372747421265,-0.591423511505127,-0.5257098078727722,-0.4599960744380951,-0.39428234100341797,-0.32856863737106323,-0.2628549039363861,-0.19714117050170898,-0.13142745196819305,-0.06571372598409653,0,0.06571372598409653,0.13142745196819305,0.19714117050170898,0.2628549039363861,0.32856863737106323,0.39428234100341797,0.4599960744380951,0.5257098078727722,0.591423511505127,0.6571372747421265,0.7228509783744812,0.7885646820068359,0.8542784452438354,0.9199921488761902,0.9857059121131897,1.0514196157455444,1.117133378982544,1.182847023010254,1.2485607862472534,1.314274549484253,1.379988193511963,1.4457019567489624,1.511415719985962,1.5771293640136719,1.6428431272506714,1.708556890487671,1.7742706537246704,1.8399842977523804,1.9056980609893799,1.9714118242263794,2.037125587463379,2.102839231491089],"_type":"histogram"},"global_step":32352,"train/critic_loss":0.21772283,"train/actor_loss":1.184762,"_timestamp":1.7343750505711894e+09,"gradients/actor.mu.2.weight":{"values":[14,35,54,1057,115614,700,492,403,302,229,169,141,109,102,88,67,65,41,46,30,25,22,19,20,14,17,13,11,6,7,10,7,10,5,3,9,4,5,5,4,3,1,6,2,1,2,1,2,1,0,1,0,3,0,1,0,0,0,0,0,0,0,1,1],"bins":[-9.62556965557193e-13,-7.229950145515307e-13,-4.834330093357597e-13,-2.4387103122504306e-13,-4.309053114326389e-15,2.352529249963903e-13,4.748149031071069e-13,7.143769083228779e-13,9.539388593285403e-13,1.1935008103342026e-12,1.4330628697600822e-12,1.6726248207657446e-12,1.912186771771407e-12,2.1517488311972865e-12,2.3913106737827317e-12,2.6308727332086113e-12,2.870434792634491e-12,3.109996635219936e-12,3.3495586946458156e-12,3.5891205372312607e-12,3.82868259665714e-12,4.068244439242585e-12,4.3078067155088995e-12,4.5473685580943446e-12,4.78693040067979e-12,5.026492676946104e-12,5.266054519531549e-12,5.505616362116994e-12,5.745178638383308e-12,5.984740480968753e-12,6.224302323554198e-12,6.4638641661396434e-12,6.7034260087250885e-12,6.942987851310534e-12,7.182550127576848e-12,7.422111536481424e-12,7.661674246428607e-12,7.901236089014052e-12,8.140797931599497e-12,8.380359774184942e-12,8.619921616770387e-12,8.859483459355832e-12,9.099046169303016e-12,9.33860801188846e-12,9.578169854473906e-12,9.817731697059351e-12,1.0057293539644796e-11,1.0296855382230241e-11,1.0536417224815686e-11,1.077597993476287e-11,1.1015541777348314e-11,1.125510361993376e-11,1.1494665462519205e-11,1.173422730510465e-11,1.1973789147690095e-11,1.2213351857637278e-11,1.2452913700222723e-11,1.2692475542808168e-11,1.2932037385393613e-11,1.3171599227979058e-11,1.3411161070564503e-11,1.3650723780511687e-11,1.3890285623097132e-11,1.4129847465682577e-11,1.4369409308268022e-11],"_type":"histogram"},