{"_step":9429,"gradients/critic.qf0.4.weight":{"values":[1,0,1,0,1,0,1,1,0,0,0,0,0,0,0,1,0,1,0,0,0,1,0,0,0,1,0,0,1,0,0,0,0,0,1,0,0,1,0,0,0,0,1,0,1,0,1,2,0,0,0,0,0,1,1,1,1,1,1,2,5,3,12,255],"bins":[-440.0888366699219,-433.21246337890625,-426.3360595703125,-419.4596862792969,-412.5832824707031,-405.7069091796875,-398.83050537109375,-391.9541320800781,-385.0777282714844,-378.20135498046875,-371.324951171875,-364.4485778808594,-357.5721740722656,-350.69580078125,-343.81939697265625,-336.9430236816406,-330.0666198730469,-323.19024658203125,-316.3138427734375,-309.4374694824219,-302.5610656738281,-295.6846923828125,-288.80828857421875,-281.9319152832031,-275.0555114746094,-268.17913818359375,-261.302734375,-254.42636108398438,-247.5499725341797,-240.673583984375,-233.7971954345703,-226.92080688476562,-220.04441833496094,-213.16802978515625,-206.29164123535156,-199.41525268554688,-192.5388641357422,-185.6624755859375,-178.7860870361328,-171.90969848632812,-165.03330993652344,-158.15692138671875,-151.28053283691406,-144.40414428710938,-137.5277557373047,-130.6513671875,-123.77498626708984,-116.89859771728516,-110.02220916748047,-103.14582061767578,-96.2694320678711,-89.3930435180664,-82.51665496826172,-75.64026641845703,-68.76387786865234,-61.88749313354492,-55.011104583740234,-48.13471603393555,-41.25832748413086,-34.38193893432617,-27.505552291870117,-20.62916374206543,-13.752776145935059,-6.876388072967529,0],"_type":"histogram"},"gradients/critic.qf0.2.bias":{"_type":"histogram","values":[1,0,0,0,0,0,1,0,1,1,0,0,0,0,0,3,0,3,0,3,1,4,4,3,1,2,0,1,2,1,1,1,0,1,1,0,0,174,17,14,9,6,4,3,3,7,8,4,0,1,1,3,1,4,1,0,1,1,1,0,0,0,0,1],"bins":[-5.152052402496338,-5.01421594619751,-4.876379013061523,-4.738542556762695,-4.600706100463867,-4.462869167327881,-4.325032711029053,-4.187195777893066,-4.049359321594238,-3.911522626876831,-3.773685932159424,-3.6358494758605957,-3.4980127811431885,-3.3601760864257812,-3.222339630126953,-3.084502935409546,-2.9466662406921387,-2.8088295459747314,-2.670992851257324,-2.533156394958496,-2.395319700241089,-2.2574830055236816,-2.1196465492248535,-1.9818098545074463,-1.843973159790039,-1.7061364650726318,-1.5682998895645142,-1.4304633140563965,-1.2926266193389893,-1.154789924621582,-1.0169533491134644,-0.8791167140007019,-0.7412805557250977,-0.6034439206123352,-0.46560728549957275,-0.3277706503868103,-0.18993401527404785,-0.0520973801612854,0.08573925495147705,0.2235758900642395,0.36141252517700195,0.4992491602897644,0.6370857954025269,0.7749224305152893,0.9127590656280518,1.050595760345459,1.1884323358535767,1.3262689113616943,1.4641056060791016,1.6019423007965088,1.7397788763046265,1.8776154518127441,2.0154521465301514,2.1532888412475586,2.2911252975463867,2.428961992263794,2.566798686981201,2.7046353816986084,2.8424720764160156,2.9803085327148438,3.118145227432251,3.255981922149658,3.3938183784484863,3.5316550731658936,3.669491767883301]},"gradients/actor.mu.4.weight":{"_type":"histogram","values":[1,1,0,0,0,0,0,0,0,0,0,1,0,0,0,1,1,0,0,0,0,1,1,0,2,1,1,1,1,2,3,2,3,1,6,5,7,4,9,28,45,960,42,23,18,10,9,2,1,0,1,1,1,1,0,2,0,0,0,0,0,0,0,1],"bins":[-14.329652786254883,-13.984479904174805,-13.639307022094727,-13.294134140014648,-12.948960304260254,-12.603787422180176,-12.258614540100098,-11.91344165802002,-11.568268775939941,-11.223095893859863,-10.877922058105469,-10.53274917602539,-10.187576293945312,-9.842403411865234,-9.497230529785156,-9.152057647705078,-8.806884765625,-8.461710929870605,-8.116538047790527,-7.771365165710449,-7.426192283630371,-7.081018924713135,-6.735846042633057,-6.3906731605529785,-6.045499801635742,-5.700326919555664,-5.355154037475586,-5.009981155395508,-4.6648077964782715,-4.319634914398193,-3.974461793899536,-3.629288911819458,-3.284116268157959,-2.9389431476593018,-2.5937702655792236,-2.2485971450805664,-1.9034241437911987,-1.558251142501831,-1.2130780220031738,-0.8679050207138062,-0.5227320194244385,-0.1775589883327484,0.16761404275894165,0.5127871036529541,0.8579601049423218,1.2031331062316895,1.5483062267303467,1.8934792280197144,2.238652229309082,2.5838253498077393,2.9289982318878174,3.2741713523864746,3.6193442344665527,3.96451735496521,4.309690475463867,4.654863357543945,5.000036239624023,5.34520959854126,5.690382480621338,6.035555362701416,6.380728721618652,6.7259016036987305,7.071074485778809,7.416247844696045,7.761420726776123]},"gradients/actor.mu.0.weight":{"bins":[-9.35657787322998,-9.037419319152832,-8.71826171875,-8.399103164672852,-8.07994556427002,-7.760787010192871,-7.441628932952881,-7.122470855712891,-6.803312301635742,-6.484154224395752,-6.164996147155762,-5.8458380699157715,-5.526679992675781,-5.207521915435791,-4.888363361358643,-4.569205284118652,-4.250047206878662,-3.930889129638672,-3.6117308139801025,-3.2925727367401123,-2.973414421081543,-2.6542563438415527,-2.3350982666015625,-2.015939950942993,-1.696781873703003,-1.3776236772537231,-1.0584654808044434,-0.7393074035644531,-0.42014920711517334,-0.10099104046821594,0.21816712617874146,0.5373252630233765,0.8564834594726562,1.175641655921936,1.4947998523712158,1.813957929611206,2.1331162452697754,2.4522743225097656,2.771432399749756,3.090590715408325,3.4097487926483154,3.7289068698883057,4.048065185546875,4.367223262786865,4.6863813400268555,5.005539417266846,5.324697971343994,5.643856048583984,5.963014125823975,6.282172203063965,6.601330280303955,6.9204888343811035,7.239646911621094,7.558804988861084,7.877963066101074,8.197121620178223,8.516279220581055,8.835437774658203,9.154595375061035,9.473753929138184,9.792912483215332,10.112070083618164,10.431228637695312,10.750386238098145,11.069544792175293],"_type":"histogram","values":[2,1,0,0,1,0,1,0,2,0,2,2,4,5,6,9,7,14,16,26,30,53,40,72,94,164,226,495,1255,5593,876,377,221,128,65,54,42,27,14,14,14,5,9,8,6,2,4,1,7,1,0,0,1,0,0,1,0,0,0,1,0,0,1,1]},"_wandb":{"runtime":5808},"rollout/ep_len_mean":35.3,"gradients/critic.qf0.2.weight":{"values":[1,0,0,0,0,0,0,1,2,1,4,5,1,8,11,8,10,14,25,22,30,36,59,62,98,139,192,228,319,403,604,881,1286,1752,2489,2762,2070,74879,14706,6802,3785,2324,1461,874,580,372,236,148,105,60,40,26,26,14,9,8,4,5,5,3,3,1,0,1],"bins":[-20.709659576416016,-20.162145614624023,-19.614633560180664,-19.067119598388672,-18.519607543945312,-17.97209358215332,-17.42458152770996,-16.87706756591797,-16.32955551147461,-15.782041549682617,-15.234528541564941,-14.687015533447266,-14.139501571655273,-13.591988563537598,-13.044475555419922,-12.496962547302246,-11.94944953918457,-11.401936531066895,-10.854423522949219,-10.306910514831543,-9.759397506713867,-9.211883544921875,-8.6643705368042,-8.116857528686523,-7.569344520568848,-7.021831512451172,-6.474318504333496,-5.926805019378662,-5.379292011260986,-4.8317790031433105,-4.284265518188477,-3.736752510070801,-3.189241409301758,-2.641728401184082,-2.094215154647827,-1.5467020273208618,-0.9991888999938965,-0.45167577266693115,0.09583735466003418,0.6433504819869995,1.1908636093139648,1.7383767366409302,2.2858898639678955,2.8334031105041504,3.380916118621826,3.928429126739502,4.475942611694336,5.023455619812012,5.5709686279296875,6.118481636047363,6.665994644165039,7.213508129119873,7.761021137237549,8.308534622192383,8.856047630310059,9.403560638427734,9.95107364654541,10.498586654663086,11.046099662780762,11.593612670898438,12.14112663269043,12.688639640808105,13.236152648925781,13.783665657043457,14.331178665161133],"_type":"histogram"},