{"gradients/actor.mu.4.bias":{"values":[1,0,0,0,0,0,0,0,1,0,0,0,0,0,0,0,0,0,0,0,0,0,1,0,0,0,0,0,0,0,0,0,0,0,0,0,0,0,0,0,0,0,0,0,0,0,0,0,0,0,0,0,0,0,0,0,0,0,0,0,0,0,0,1],"bins":[0.0039133490063250065,0.0039851912297308445,0.00405703391879797,0.004128876142203808,0.004200718831270933,0.004272561054676771,0.0043444037437438965,0.0044162459671497345,0.00448808865621686,0.004559930879622698,0.004631773568689823,0.004703615792095661,0.0047754584811627865,0.0048473007045686245,0.00491914339363575,0.004990985617041588,0.005062828306108713,0.005134670529514551,0.0052065132185816765,0.0052783554419875145,0.00535019813105464,0.005422040354460478,0.005493883043527603,0.005565725266933441,0.0056375679560005665,0.0057094101794064045,0.00578125286847353,0.005853095091879368,0.005924937780946493,0.005996780004352331,0.0060686226934194565,0.0061404649168252945,0.0062123071402311325,0.006284149829298258,0.006355992052704096,0.006427834741771221,0.006499676965177059,0.0065715196542441845,0.0066433618776500225,0.006715204566717148,0.006787046790122986,0.006858889479190111,0.006930731702595949,0.0070025743916630745,0.0070744166150689125,0.007146259304136038,0.007218101527541876,0.007289944216609001,0.007361786440014839,0.0074336291290819645,0.0075054713524878025,0.007577314041554928,0.007649156264960766,0.007720998954027891,0.007792841177433729,0.007864683866500854,0.007936526089906693,0.00800836831331253,0.008080211468040943,0.008152053691446781,0.00822389591485262,0.008295738138258457,0.00836758129298687,0.008439423516392708,0.008511265739798546],"_type":"histogram"},"gradients/critic.qf0.0.bias":{"_type":"histogram","values":[1,0,0,0,0,0,3,3,1,4,1,1,6,3,4,4,5,9,13,13,10,15,23,46,139,47,18,9,6,2,2,2,0,0,1,0,1,2,1,1,1,0,0,0,0,0,0,0,0,1,0,0,0,0,1,0,0,0,0,0,0,0,0,1],"bins":[-2.7328662872314453,-2.621509552001953,-2.510152816772461,-2.3987960815429688,-2.2874393463134766,-2.1760826110839844,-2.064725875854492,-1.953369140625,-1.8420124053955078,-1.7306556701660156,-1.6192989349365234,-1.5079421997070312,-1.396585464477539,-1.2852287292480469,-1.1738719940185547,-1.0625152587890625,-0.9511585235595703,-0.8398017883300781,-0.7284450531005859,-0.6170883178710938,-0.5057315826416016,-0.3943748474121094,-0.2830181121826172,-0.171661376953125,-0.06030464172363281,0.051052093505859375,0.16240882873535156,0.27376556396484375,0.38512229919433594,0.4964790344238281,0.6078357696533203,0.7191925048828125,0.8305492401123047,0.9419059753417969,1.053262710571289,1.1646194458007812,1.2759761810302734,1.3873329162597656,1.4986896514892578,1.61004638671875,1.7214031219482422,1.8327598571777344,1.9441165924072266,2.0554733276367188,2.166830062866211,2.278186798095703,2.3895435333251953,2.5009002685546875,2.6122570037841797,2.723613739013672,2.834970474243164,2.9463272094726562,3.0576839447021484,3.1690406799316406,3.280397415161133,3.391754150390625,3.503110885620117,3.6144676208496094,3.7258243560791016,3.8371810913085938,3.948537826538086,4.059894561767578,4.17125129699707,4.2826080322265625,4.393964767456055]},"train/actor_loss":-27.954628,"gradients/critic.qf0.2.bias":{"_type":"histogram","values":[1,0,0,1,1,0,1,0,0,0,1,0,0,0,1,0,1,3,1,1,4,2,1,1,0,2,1,3,1,1,1,1,1,1,1,2,2,154,14,18,25,19,8,4,5,4,3,3,0,2,1,0,1,1,0,0,0,0,0,0,0,0,0,1],"bins":[-0.543520450592041,-0.5290173888206482,-0.5145143270492554,-0.5000112652778625,-0.4855082333087921,-0.4710052013397217,-0.45650213956832886,-0.44199907779693604,-0.4274960160255432,-0.4129929840564728,-0.39848992228507996,-0.38398686051368713,-0.3694838285446167,-0.3549807667732239,-0.34047770500183105,-0.3259746730327606,-0.3114716112613678,-0.296968549489975,-0.28246551752090454,-0.2679624557495117,-0.2534593939781189,-0.23895634710788727,-0.22445330023765564,-0.20995023846626282,-0.1954471915960312,-0.18094414472579956,-0.16644108295440674,-0.1519380360841751,-0.13743498921394348,-0.12293192744255066,-0.10842888057231903,-0.0939258262515068,-0.07942274212837219,-0.06491968780755997,-0.05041663721203804,-0.03591358661651611,-0.021410532295703888,-0.006907479837536812,0.007595572620630264,0.02209862507879734,0.036601677536964417,0.05110473185777664,0.06560778617858887,0.0801108330488205,0.09461388736963272,0.10911694169044495,0.12361998856067657,0.1381230503320694,0.15262609720230103,0.16712914407253265,0.18163220584392548,0.1961352527141571,0.21063831448554993,0.22514136135578156,0.23964440822601318,0.254147469997406,0.26865053176879883,0.28315356373786926,0.2976566255092621,0.3121596872806549,0.32666271924972534,0.34116578102111816,0.355668842792511,0.3701718747615814,0.38467493653297424]},"gradients/actor.mu.2.bias":{"values":[1,0,0,0,1,0,0,0,0,0,2,0,0,1,1,1,1,1,3,0,1,5,4,1,5,1,6,6,7,10,10,151,10,11,11,12,10,4,0,6,7,5,1,0,1,1,0,1,0,0,0,0,0,0,0,0,0,0,0,0,0,0,0,1],"bins":[-0.02442023903131485,-0.023645896464586258,-0.022871552035212517,-0.022097209468483925,-0.021322866901755333,-0.02054852433502674,-0.019774179905653,-0.018999837338924408,-0.018225494772195816,-0.017451150342822075,-0.016676807776093483,-0.01590246520936489,-0.015128121711313725,-0.014353779144585133,-0.013579435646533966,-0.012805093079805374,-0.012030749581754208,-0.011256406083703041,-0.01048206351697445,-0.009707720018923283,-0.00893337745219469,-0.008159033954143524,-0.007384690921753645,-0.006610347889363766,-0.0058360048569738865,-0.005061661824584007,-0.004287318792194128,-0.003512975526973605,-0.002738632494583726,-0.0019642894621938467,-0.0011899463133886456,-0.0004156032227911055,0.00035873986780643463,0.0011330829001963139,0.001907426049001515,0.002681769197806716,0.003456112230196595,0.004230455495417118,0.005004798527806997,0.0057791415601968765,0.006553484592586756,0.007327827624976635,0.008102171123027802,0.008876513689756393,0.00965085718780756,0.010425199754536152,0.011199543252587318,0.01197388581931591,0.012748229317367077,0.013522572815418243,0.014296915382146835,0.015071258880198002,0.01584560237824917,0.01661994494497776,0.017394287511706352,0.018168630078434944,0.018942974507808685,0.019717317074537277,0.02049165964126587,0.02126600407063961,0.022040346637368202,0.022814689204096794,0.023589031770825386,0.024363376200199127,0.02513771876692772],"_type":"histogram"},"gradients/actor.mu.0.weight":{"_type":"histogram","values":[1,0,1,1,1,0,0,0,0,1,2,0,1,0,2,0,1,0,1,2,5,0,6,1,5,8,6,11,13,34,55,127,427,14277,1783,216,93,43,20,12,10,3,3,4,5,6,2,0,2,2,0,0,1,2,0,0,0,1,0,2,0,0,0,1],"bins":[-0.20686854422092438,-0.20074322819709778,-0.19461791217327118,-0.18849261105060577,-0.18236729502677917,-0.17624197900295258,-0.17011666297912598,-0.16399136185646057,-0.15786604583263397,-0.15174072980880737,-0.14561541378498077,-0.13949009776115417,-0.13336479663848877,-0.12723948061466217,-0.12111416459083557,-0.11498885601758957,-0.10886353999376297,-0.10273822396993637,-0.09661291539669037,-0.09048759937286377,-0.08436229079961777,-0.07823697477579117,-0.07211166620254517,-0.06598635017871857,-0.059861037880182266,-0.053735725581645966,-0.047610413283109665,-0.041485100984573364,-0.035359784960746765,-0.029234474524855614,-0.023109160363674164,-0.016983848065137863,-0.010858535766601562,-0.0047332230024039745,0.0013920897617936134,0.007517402525991201,0.01364271529018879,0.01976802758872509,0.02589334174990654,0.03201865404844284,0.03814396634697914,0.04426927864551544,0.05039459094405174,0.05651990324258804,0.06264521926641464,0.06877052783966064,0.07489584386348724,0.08102115243673325,0.08714646846055984,0.09327178448438644,0.09939709305763245,0.10552240908145905,0.11164771765470505,0.11777303367853165,0.12389834225177765,0.13002365827560425,0.13614897429943085,0.14227429032325745,0.14839959144592285,0.15452490746974945,0.16065022349357605,0.16677553951740265,0.17290084064006805,0.17902615666389465,0.18515147268772125]},"gradients/critic.qf0.4.bias":{"values":[1],"bins":[-1,-1],"_type":"histogram"},"_step":3647,"rollout/ep_len_mean":48.53,"gradients/actor.mu.2.weight":{"_type":"histogram",