{"rollout/ep_rew_mean":-100,"rollout/success_rate":0,"_timestamp":1.7339422757441154e+09,"gradients/actor.mu.4.bias":{"bins":[-0.0005663746269419789,-0.0005447117728181183,-0.0005230488604865968,-0.0005013860063627362,-0.00047972312313504517,-0.0004580602399073541,-0.0004363973857834935,-0.00041473450255580246,-0.0003930716193281114,-0.00037140873610042036,-0.0003497458528727293,-0.0003280829987488687,-0.00030642011552117765,-0.0002847572322934866,-0.000263094378169626,-0.00024143149494193494,-0.0002197686117142439,-0.00019810572848655283,-0.000176442859810777,-0.00015477999113500118,-0.00013311710790731013,-0.00011145423195557669,-8.979135600384325e-05,-6.812848005210981e-05,-4.646560410037637e-05,-2.4802728148642927e-05,-3.1398521969094872e-06,1.8523023754823953e-05,4.018589970655739e-05,6.184877565829083e-05,8.351165161002427e-05,0.00010517452756175771,0.00012683734530583024,0.0001485002285335213,0.00017016309720929712,0.00019182596588507295,0.000213488849112764,0.00023515173234045506,0.00025681458646431565,0.0002784774696920067,0.00030014035291969776,0.0003218032361473888,0.00034346611937507987,0.00036512897349894047,0.0003867918567266315,0.0004084547399543226,0.0004301175940781832,0.00045178047730587423,0.0004734433605335653,0.0004951062146574259,0.0005167691269889474,0.000538431981112808,0.0005600948352366686,0.0005817577475681901,0.0006034206016920507,0.0006250835140235722,0.0006467463681474328,0.0006684092222712934,0.0006900721346028149,0.0007117349887266755,0.000733397901058197,0.0007550607551820576,0.0007767236093059182,0.0007983865216374397,0.0008200493757613003],"_type":"histogram","values":[1,0,0,0,0,0,0,0,0,0,0,0,0,0,0,0,1,0,0,0,0,0,0,0,0,0,0,0,0,0,0,0,0,0,0,0,0,0,0,0,0,0,0,0,0,0,0,0,0,0,0,0,0,0,1,0,0,0,0,0,0,0,0,1]},"gradients/actor.mu.2.bias":{"bins":[-0.00529332272708416,-0.005172449164092541,-0.005051576066762209,-0.004930702969431877,-0.004809829406440258,-0.004688955843448639,-0.004568082746118307,-0.004447209648787975,-0.004326336085796356,-0.004205462522804737,-0.004084589425474405,-0.0039637163281440735,-0.0038428427651524544,-0.003721969434991479,-0.0036010961048305035,-0.003480222774669528,-0.0033593494445085526,-0.003238476114347577,-0.0031176027841866016,-0.002996729454025626,-0.0028758561238646507,-0.0027549827937036753,-0.0026341094635427,-0.0025132361333817244,-0.002392362803220749,-0.0022714894730597734,-0.002150616142898798,-0.0020297428127378225,-0.001908869482576847,-0.0017879961524158716,-0.0016671228222548962,-0.0015462494920939207,-0.0014253761619329453,-0.0013045028317719698,-0.0011836295016109943,-0.0010627561714500189,-0.0009418828412890434,-0.000821009511128068,-0.0007001361809670925,-0.0005792628508061171,-0.0004583895206451416,-0.00033751619048416615,-0.0002166428603231907,-9.576953016221523e-05,2.5103799998760223e-05,0.00014597713015973568,0.00026685046032071114,0.0003877237904816866,0.000508597120642662,0.0006294704508036375,0.000750343780964613,0.0008712171111255884,0.0009920904412865639,0.0011129637714475393,0.0012338371016085148,0.0013547104317694902,0.0014755837619304657,0.0015964570920914412,0.0017173304222524166,0.001838203752413392,0.0019590770825743675,0.002079950412735343,0.0022008237428963184,0.002321697073057294,0.0024425704032182693],"_type":"histogram","values":[1,0,0,0,0,0,0,0,0,0,0,0,0,0,0,0,0,1,0,1,0,0,0,0,0,1,0,1,0,0,0,2,4,3,2,4,6,6,9,6,7,8,15,132,19,15,15,7,8,5,3,4,6,1,2,2,1,1,0,0,1,0,0,1]},"_runtime":2841.781657861,"gradients/critic.qf0.0.bias":{"bins":[-1.4214802980422974,-1.3744709491729736,-1.32746160030365,-1.2804522514343262,-1.233442783355713,-1.1864334344863892,-1.1394240856170654,-1.0924147367477417,-1.045405387878418,-0.9983960390090942,-0.9513866901397705,-0.904377281665802,-0.8573679327964783,-0.8103585839271545,-0.763349175453186,-0.7163398265838623,-0.6693304777145386,-0.6223211288452148,-0.5753117799758911,-0.5283023715019226,-0.4812930226325989,-0.43428367376327515,-0.38727429509162903,-0.3402649164199829,-0.2932555675506592,-0.24624620378017426,-0.19923684000968933,-0.1522274762392044,-0.10521811246871948,-0.05820874869823456,-0.011199384927749634,0.03580997884273529,0.08281922340393066,0.1298285871744156,0.1768379509449005,0.22384731471538544,0.27085667848587036,0.3178660273551941,0.3648754060268402,0.41188478469848633,0.45889413356781006,0.5059034824371338,0.5529128313064575,0.599922239780426,0.6469315886497498,0.6939409375190735,0.740950345993042,0.7879596948623657,0.8349690437316895,0.8819783926010132,0.9289877414703369,0.9759971499443054,1.0230064392089844,1.0700159072875977,1.1170252561569214,1.1640346050262451,1.2110439538955688,1.2580533027648926,1.3050626516342163,1.35207200050354,1.3990814685821533,1.446090817451477,1.4931001663208008,1.5401095151901245,1.5871188640594482],"_type":"histogram","values":[1,0,0,0,0,0,0,0,1,0,0,0,0,0,1,0,1,0,0,3,1,4,6,4,9,11,9,23,33,72,122,34,18,14,10,7,4,2,1,1,1,0,1,0,0,0,0,1,1,1,1,0,0,0,0,0,1,0,0,0,0,0,0,1]},"train/learning_rate":0.001,"gradients/critic.qf0.4.weight":{"_type":"histogram","values":[1,0,0,1,0,0,0,0,0,0,0,0,0,0,0,1,0,0,0,0,0,0,0,1,0,0,0,0,0,1,0,0,1,0,0,0,0,0,0,0,0,1,0,0,0,0,1,0,1,4,4,1,0,0,1,1,4,5,5,3,7,17,16,223],"bins":[-16.86452293395996,-16.601015090942383,-16.337507247924805,-16.073997497558594,-15.810490608215332,-15.546981811523438,-15.28347396850586,-15.019966125488281,-14.756457328796387,-14.492949485778809,-14.22944164276123,-13.965932846069336,-13.702425003051758,-13.43891716003418,-13.175408363342285,-12.911900520324707,-12.648391723632812,-12.384883880615234,-12.121376037597656,-11.857867240905762,-11.594359397888184,-11.330851554870605,-11.067342758178711,-10.803834915161133,-10.540327072143555,-10.27681827545166,-10.013310432434082,-9.749802589416504,-9.48629379272461,-9.222785949707031,-8.959278106689453,-8.695769309997559,-8.43226146697998,-8.168753623962402,-7.905245304107666,-7.64173698425293,-7.378228664398193,-7.114720821380615,-6.851212501525879,-6.587704181671143,-6.324195861816406,-6.060688018798828,-5.797179698944092,-5.5336713790893555,-5.270163536071777,-5.006655216217041,-4.743146896362305,-4.479639053344727,-4.21613073348999,-3.952622652053833,-3.6891143321990967,-3.4256062507629395,-3.162097930908203,-2.898589849472046,-2.6350817680358887,-2.3715734481811523,-2.108065366744995,-1.8445571660995483,-1.5810489654541016,-1.3175408840179443,-1.0540326833724976,-0.7905244827270508,-0.5270163416862488,-0.2635081708431244,0]},"gradients/critic.qf0.2.weight":{"values":[1,0,0,0,1,0,1,0,0,1,0,5,2,0,3,1,3,4,7,5,7,13,14,14,18,15,38,27,28,53,82,87,135,180,284,402,631,1122,2449,104502,7012,1629,551,277,144,81,48,28,19,15,12,10,10,6,3,4,5,2,1,2,1,2,1,2],"bins":[-0.6545361280441284,-0.6379844546318054,-0.6214328408241272,-0.6048811674118042,-0.588329553604126,-0.571777880191803,-0.55522620677948,-0.5386745929718018,-0.5221229195594788,-0.5055713057518005,-0.48901963233947754,-0.47246798872947693,-0.4559163451194763,-0.4393647015094757,-0.4228130280971527,-0.4062613844871521,-0.3897097408771515,-0.3731580972671509,-0.35660645365715027,-0.34005478024482727,-0.32350313663482666,-0.30695149302482605,-0.29039984941482544,-0.27384820580482483,-0.2572965621948242,-0.24074490368366241,-0.2241932451725006,-0.2076416015625,-0.1910899579524994,-0.17453829944133759,-0.15798665583133698,-0.14143499732017517,-0.12488338351249695,-0.10833173245191574,-0.09178008139133453,-0.07522843778133392,-0.058676786720752716,-0.04212513566017151,-0.0255734883248806,-0.009021839126944542,0.007529810070991516,0.024081459268927574,0.04063310846686363,0.05718475580215454,0.07373640686273575,0.09028805792331696,0.10683970153331757,0.12339135259389877,0.13994300365447998,0.1564946472644806,0.1730463057756424,0.189597949385643,0.2061496078968048,0.22270125150680542,0.23925289511680603,0.25580453872680664,0.27235621213912964,0.28890785574913025,0.30545949935913086,0.32201114296913147,0.3385627865791321,0.3551144301891327,0.3716661036014557,0.3882177472114563,0.4047693908214569],"_type":"histogram"},"train/critic_loss":0.3933769,