{"_step":1750,"gradients/actor.mu.2.weight":{"_type":"histogram","values":[1,0,0,0,0,3,1,1,0,1,3,1,0,2,2,3,0,2,2,3,6,4,4,9,7,5,9,19,16,12,31,35,45,66,80,127,157,215,368,544,930,1783,3926,93755,11287,3045,1417,785,463,306,182,124,63,51,40,27,11,9,3,1,3,3,1,1],"bins":[-0.1621665358543396,-0.15847405791282654,-0.15478157997131348,-0.15108908712863922,-0.14739660918712616,-0.1437041312456131,-0.14001165330410004,-0.13631916046142578,-0.13262668251991272,-0.12893420457839966,-0.1252417266368866,-0.12154924124479294,-0.11785676330327988,-0.11416427791118622,-0.11047179996967316,-0.1067793145775795,-0.10308683663606644,-0.09939435869455338,-0.09570187330245972,-0.09200939536094666,-0.088316909968853,-0.08462443202733994,-0.08093194663524628,-0.07723946869373322,-0.07354699075222015,-0.0698545053601265,-0.06616202741861343,-0.062469542026519775,-0.058777064085006714,-0.055084582418203354,-0.051392100751399994,-0.047699619084596634,-0.04400712996721268,-0.04031464830040932,-0.03662216663360596,-0.0329296849668026,-0.029237205162644386,-0.025544723495841026,-0.021852243691682816,-0.018159762024879456,-0.014467280358076096,-0.010774798691272736,-0.00708231795579195,-0.0033898367546498775,0.00030264444649219513,0.003995125647634268,0.0076876068487763405,0.011380087584257126,0.015072569251060486,0.018765050917863846,0.022457532584667206,0.026150012388825417,0.029842494055628777,0.03353497385978699,0.03722745552659035,0.04091993719339371,0.04461241886019707,0.04830490052700043,0.05199738219380379,0.05568986386060715,0.05938234180212021,0.06307482719421387,0.06676730513572693,0.07045979052782059,0.07415226846933365]},"gradients/critic.qf0.4.bias":{"values":[1],"bins":[-1,-1],"_type":"histogram"},"gradients/critic.qf0.4.weight":{"_type":"histogram","values":[1,0,0,0,0,0,0,0,0,0,0,0,0,0,0,0,0,0,0,0,0,0,2,0,0,0,0,1,1,0,0,0,0,0,2,0,4,1,1,2,0,0,0,1,0,0,1,1,1,1,2,0,0,0,2,0,0,2,2,2,14,24,32,200],"bins":[-50.139007568359375,-49.355587005615234,-48.57216262817383,-47.78874206542969,-47.00531768798828,-46.22189712524414,-45.4384765625,-44.655052185058594,-43.87163162231445,-43.08821105957031,-42.304786682128906,-41.521366119384766,-40.737945556640625,-39.95452117919922,-39.17110061645508,-38.38767623901367,-37.60425567626953,-36.82083511352539,-36.037410736083984,-35.253990173339844,-34.47056579589844,-33.6871452331543,-32.903724670410156,-32.12030029296875,-31.33687973022461,-30.553457260131836,-29.770034790039062,-28.986614227294922,-28.20319175720215,-27.419769287109375,-26.636348724365234,-25.85292625427246,-25.069503784179688,-24.286081314086914,-23.50265884399414,-22.71923828125,-21.935815811157227,-21.152393341064453,-20.368972778320312,-19.58555030822754,-18.802127838134766,-18.018705368041992,-17.23528289794922,-16.451862335205078,-15.668439865112305,-14.885017395019531,-14.101595878601074,-13.318174362182617,-12.534751892089844,-11.75132942199707,-10.967907905578613,-10.184486389160156,-9.401063919067383,-8.61764144897461,-7.834219932556152,-7.050797939300537,-6.267375946044922,-5.483953952789307,-4.700531959533691,-3.917109966278076,-3.133687973022461,-2.3502659797668457,-1.5668439865112305,-0.7834219932556152,0]},"time/fps":35,"gradients/actor.mu.4.weight":{"_type":"histogram","values":[1,0,1,1,0,0,0,2,2,2,1,2,1,3,0,4,3,3,2,8,11,11,20,18,58,781,85,43,30,20,14,15,12,8,5,6,7,3,3,3,1,1,2,0,0,1,0,1,0,0,1,0,0,1,0,0,1,0,0,0,1,0,0,1],"bins":[-0.1380602866411209,-0.13264721632003784,-0.12723414599895477,-0.1218210756778717,-0.11640800535678864,-0.11099493503570557,-0.1055818647146225,-0.10016879439353943,-0.09475572407245636,-0.08934265375137329,-0.08392958343029022,-0.07851651310920715,-0.07310344278812408,-0.06769037246704102,-0.06227730214595795,-0.05686423182487488,-0.05145116150379181,-0.04603809118270874,-0.04062502086162567,-0.0352119505405426,-0.029798880219459534,-0.024385809898376465,-0.018972739577293396,-0.013559669256210327,-0.008146598935127258,-0.0027335286140441895,0.0026795417070388794,0.008092612028121948,0.013505682349205017,0.018918752670288086,0.024331822991371155,0.029744893312454224,0.0351579487323761,0.04057101905345917,0.045984089374542236,0.051397159695625305,0.056810230016708374,0.06222330033779144,0.06763637065887451,0.07304944097995758,0.07846251130104065,0.08387558162212372,0.08928865194320679,0.09470172226428986,0.10011479258537292,0.105527862906456,0.11094093322753906,0.11635400354862213,0.1217670738697052,0.12718014419078827,0.13259321451187134,0.1380062848329544,0.14341935515403748,0.14883242547512054,0.1542454957962036,0.15965856611728668,0.16507163643836975,0.17048470675945282,0.1758977770805359,0.18131084740161896,0.18672391772270203,0.1921369880437851,0.19755005836486816,0.20296312868595123,0.2083761990070343]},"gradients/actor.mu.0.weight":{"values":[1,0,0,0,0,1,1,1,1,3,4,1,6,0,3,3,4,4,3,7,6,11,15,19,28,56,95,149,476,15357,7270,467,164,93,48,27,13,10,7,6,8,4,2,3,2,2,4,2,0,1,2,1,3,0,2,1,0,1,0,0,0,0,0,2],"bins":[-0.5261317491531372,-0.5085885524749756,-0.49104541540145874,-0.4735022485256195,-0.4559590816497803,-0.43841591477394104,-0.4208727478981018,-0.4033295810222626,-0.38578641414642334,-0.3682432472705841,-0.3507000803947449,-0.33315691351890564,-0.3156137466430664,-0.2980705797672272,-0.28052741289138794,-0.2629842460155487,-0.24544107913970947,-0.22789791226387024,-0.210354745388031,-0.19281157851219177,-0.17526841163635254,-0.1577252447605133,-0.14018207788467407,-0.12263891100883484,-0.1050957441329956,-0.08755257725715637,-0.07000941038131714,-0.052466243505477905,-0.03492307662963867,-0.01737990975379944,0.00016325712203979492,0.01770642399787903,0.03524959087371826,0.052792757749557495,0.07033592462539673,0.08787909150123596,0.1054222583770752,0.12296542525291443,0.14050859212875366,0.1580517590045929,0.17559492588043213,0.19313809275627136,0.2106812596321106,0.22822442650794983,0.24576759338378906,0.2633107602596283,0.28085392713546753,0.29839709401130676,0.315940260887146,0.33348342776298523,0.35102659463882446,0.3685697615146637,0.38611292839050293,0.40365609526634216,0.4211992621421814,0.43874242901802063,0.45628559589385986,0.4738287627696991,0.49137192964553833,0.5089150667190552,0.5264582633972168,0.5440014600753784,0.5615445971488953,0.5790877342224121,0.5966309309005737],"_type":"histogram"},"gradients/critic.qf0.2.bias":{"values":[1,0,0,0,1,1,0,0,0,0,0,1,1,1,0,0,0,0,0,1,1,1,1,1,3,3,3,2,2,4,2,1,3,2,2,1,0,0,4,1,4,3,1,2,0,2,141,16,25,18,5,14,8,4,3,2,4,0,1,0,0,1,1,1],"bins":[-1.7820204496383667,-1.7438054084777832,-1.7055902481079102,-1.6673752069473267,-1.6291601657867432,-1.5909450054168701,-1.5527299642562866,-1.5145148038864136,-1.47629976272583,-1.4380847215652466,-1.3998695611953735,-1.36165452003479,-1.323439359664917,-1.2852243185043335,-1.24700927734375,-1.208794116973877,-1.1705790758132935,-1.13236403465271,-1.094148874282837,-1.0559338331222534,-1.01771879196167,-0.9795036315917969,-0.9412885904312134,-0.9030734896659851,-0.8648583889007568,-0.8266432881355286,-0.7884281873703003,-0.7502131462097168,-0.7119980454444885,-0.6737829446792603,-0.6355679035186768,-0.5973528027534485,-0.559137761592865,-0.5209226608276367,-0.48270758986473083,-0.44449251890182495,-0.4062774181365967,-0.3680623173713684,-0.3298472464084625,-0.29163217544555664,-0.25341707468032837,-0.2152019888162613,-0.1769869029521942,-0.13877181708812714,-0.10055673122406006,-0.06234164535999298,-0.024126559495925903,0.014088526368141174,0.05230361223220825,0.09051869809627533,0.1287337839603424,0.16694886982440948,0.20516395568847656,0.24337904155254364,0.2815941274166107,0.3198091983795166,0.3580242991447449,0.39623939990997314,0.43445447087287903,0.4726695418357849,0.5108846426010132,0.5490997433662415,0.5873148441314697,0.6255298852920532,0.6637449860572815],"_type":"histogram"},"gradients/critic.qf0.0.weight":{"values":[1,0,0,0,0,0,1,0,0,1,0,0,1,1,1,2,4,4,2,6,7,4,8,7,9,19,16,15,30,33,39,57,94,122,231,682,6333,16548,917,312,177,94,65,35,32,17,14,10,5,8,9,3,5,3,4,1,4,3,1,1,1,0,0,1],