{"gradients/actor.mu.2.weight":{"values":[1,0,0,0,0,1,0,0,1,0,0,0,0,1,1,2,0,1,1,0,0,0,2,0,2,2,0,2,3,0,3,2,2,2,4,5,2,10,10,8,11,12,20,24,41,53,105,203,683,3863,112153,1968,476,181,74,37,13,7,5,1,1,0,0,1],"bins":[-0.34602412581443787,-0.3391478955745697,-0.33227166533470154,-0.32539546489715576,-0.3185192346572876,-0.31164300441741943,-0.30476677417755127,-0.2978905439376831,-0.29101431369781494,-0.28413811326026917,-0.277261883020401,-0.27038565278053284,-0.2635094225406647,-0.2566331923007965,-0.24975697696208954,-0.24288076162338257,-0.2360045313835144,-0.22912830114364624,-0.22225208580493927,-0.2153758555650711,-0.20849964022636414,-0.20162340998649597,-0.1947471797466278,-0.18787096440792084,-0.18099473416805267,-0.1741185039281845,-0.16724228858947754,-0.16036605834960938,-0.1534898281097412,-0.14661361277103424,-0.13973738253116608,-0.1328611671924591,-0.12598492205142975,-0.11910869926214218,-0.11223247647285461,-0.10535624623298645,-0.09848002344369888,-0.09160380065441132,-0.08472757041454315,-0.07785134762525558,-0.07097512483596802,-0.06409890204668045,-0.057222675532102585,-0.05034644901752472,-0.04347022622823715,-0.036594003438949585,-0.02971777692437172,-0.022841552272439003,-0.015965327620506287,-0.00908910296857357,-0.002212878316640854,0.0046633463352918625,0.011539570987224579,0.018415795639157295,0.02529202029109001,0.03216824680566788,0.039044469594955444,0.04592069238424301,0.05279691889882088,0.05967314541339874,0.06654936820268631,0.07342559099197388,0.08030182123184204,0.08717804402112961,0.09405426681041718],"_type":"histogram"},"global_step":99903,"gradients/actor.mu.4.weight":{"bins":[-0.3704240024089813,-0.35796499252319336,-0.3455060124397278,-0.3330470025539398,-0.32058799266815186,-0.3081290125846863,-0.2956700026988983,-0.28321099281311035,-0.2707520127296448,-0.2582930028438568,-0.24583399295806885,-0.23337499797344208,-0.2209160029888153,-0.20845699310302734,-0.19599799811840057,-0.1835389882326126,-0.17107999324798584,-0.15862099826335907,-0.1461619883775711,-0.13370299339294434,-0.12124399095773697,-0.1087849885225296,-0.09632599353790283,-0.08386699110269547,-0.0714079886674881,-0.05894898623228073,-0.04648998752236366,-0.034030988812446594,-0.021571986377239227,-0.00911298580467701,0.003346014767885208,0.015805015340447426,0.028263986110687256,0.04072298854589462,0.05318198725581169,0.06564098596572876,0.07809998840093613,0.0905589908361435,0.10301798582077026,0.11547698825597763,0.127935990691185,0.14039498567581177,0.15285399556159973,0.1653129905462265,0.17777198553085327,0.19023099541664124,0.202689990401268,0.21514900028705597,0.22760799527168274,0.2400669902563095,0.2525259852409363,0.26498499512672424,0.2774440050125122,0.2899029850959778,0.30236199498176575,0.3148210048675537,0.3272799849510193,0.33973899483680725,0.3521980047225952,0.3646570146083832,0.37711599469184875,0.3895750045776367,0.4020340144634247,0.41449299454689026,0.4269520044326782],"_type":"histogram","values":[1,0,0,0,0,0,0,0,0,0,0,0,1,0,1,0,0,0,0,0,0,0,0,2,1,4,3,7,13,974,85,29,19,15,11,10,5,4,5,2,2,2,0,0,0,0,0,0,0,0,0,0,1,1,0,0,0,0,0,0,1,0,0,1]},"gradients/critic.qf0.4.weight":{"values":[1,0,0,0,0,0,0,1,1,0,0,0,0,0,0,0,1,0,0,0,0,0,0,1,0,0,0,2,0,0,0,0,2,0,0,0,0,0,0,1,0,0,0,0,0,1,0,0,0,0,0,0,1,1,0,0,0,1,0,2,5,10,21,248],"bins":[-38.48967742919922,-37.888275146484375,-37.2868766784668,-36.68547439575195,-36.08407211303711,-35.482669830322266,-34.88127136230469,-34.279869079589844,-33.678466796875,-33.07706832885742,-32.47566604614258,-31.874263763427734,-31.272863388061523,-30.67146110534668,-30.07006072998047,-29.468658447265625,-28.867258071899414,-28.265857696533203,-27.66445541381836,-27.06305503845215,-26.461652755737305,-25.860252380371094,-25.25885009765625,-24.65744972229004,-24.056049346923828,-23.454647064208984,-22.853246688842773,-22.25184440612793,-21.65044403076172,-21.049041748046875,-20.447641372680664,-19.84623908996582,-19.24483871459961,-18.6434383392334,-18.042036056518555,-17.440635681152344,-16.8392333984375,-16.23783302307129,-15.636431694030762,-15.035030364990234,-14.433629035949707,-13.83222770690918,-13.230826377868652,-12.629425048828125,-12.028024673461914,-11.426623344421387,-10.82522201538086,-10.223820686340332,-9.622419357299805,-9.021018028259277,-8.41961669921875,-7.818215847015381,-7.2168145179748535,-6.615413188934326,-6.014012336730957,-5.41261100769043,-4.811209678649902,-4.209808349609375,-3.6084072589874268,-3.0070061683654785,-2.405604839324951,-1.8042036294937134,-1.2028024196624756,-0.6014012098312378,0],"_type":"histogram"},"gradients/critic.qf0.4.bias":{"_type":"histogram","values":[1],"bins":[-1,-1]},"gradients/actor.mu.2.bias":{"bins":[-0.5876649618148804,-0.5773453116416931,-0.5670256614685059,-0.5567060112953186,-0.5463863611221313,-0.5360666513442993,-0.5257470011711121,-0.5154273509979248,-0.5051077008247375,-0.4947880506515503,-0.48446840047836304,-0.4741487503051758,-0.46382907032966614,-0.4535094201564789,-0.4431897699832916,-0.43287011981010437,-0.4225504398345947,-0.41223078966140747,-0.4019111394882202,-0.39159148931503296,-0.3812718391418457,-0.37095215916633606,-0.3606325089931488,-0.35031285881996155,-0.3399932086467743,-0.32967355847358704,-0.3193538784980774,-0.30903422832489014,-0.2987145781517029,-0.2883949279785156,-0.278075248003006,-0.2677555978298187,-0.25743594765663147,-0.24711628258228302,-0.23679663240909576,-0.22647696733474731,-0.21615731716156006,-0.2058376520872116,-0.19551800191402435,-0.1851983368396759,-0.17487868666648865,-0.1645590364933014,-0.15423937141895294,-0.14391972124576569,-0.13360005617141724,-0.12328040599822998,-0.11296074837446213,-0.10264109075069427,-0.09232143312692642,-0.08200177550315857,-0.07168211787939072,-0.06136246398091316,-0.05104280635714531,-0.04072314873337746,-0.030403492972254753,-0.02008383721113205,-0.009764179587364197,0.0005554771050810814,0.01087513379752636,0.021194789558649063,0.031514447182416916,0.04183410480618477,0.05215375870466232,0.062473416328430176,0.07279307395219803],"_type":"histogram","values":[1,0,0,0,0,0,0,0,0,0,0,0,0,0,0,0,0,0,0,0,0,0,0,0,0,0,0,0,0,0,0,0,0,0,0,0,1,0,1,0,0,0,0,0,1,0,0,0,0,1,0,0,1,1,4,14,218,33,9,6,3,2,2,2]},"_timestamp":1.7341121082587337e+09,"gradients/critic.qf0.2.weight":{"values":[1,0,0,0,3,1,0,1,1,0,2,3,6,3,8,6,7,4,9,16,17,20,21,35,38,48,52,95,89,107,148,182,220,271,352,417,512,607,683,793,940,1504,3341,89962,10292,4275,2164,1110,646,376,243,144,80,56,26,29,11,6,3,6,3,2,2,1],"bins":[-1.0058101415634155,-0.9826655387878418,-0.9595208764076233,-0.9363762736320496,-0.913231611251831,-0.8900870084762573,-0.8669423460960388,-0.8437977433204651,-0.8206530809402466,-0.7975084781646729,-0.7743638157844543,-0.7512192130088806,-0.7280745506286621,-0.7049299478530884,-0.6817852854728699,-0.6586406826972961,-0.6354960203170776,-0.6123514175415039,-0.5892068147659302,-0.5660621523857117,-0.5429175496101379,-0.5197728872299194,-0.4966282546520233,-0.4734836220741272,-0.45033901929855347,-0.42719438672065735,-0.40404975414276123,-0.3809051215648651,-0.357760488986969,-0.3346158564090729,-0.31147122383117676,-0.28832659125328064,-0.26518192887306213,-0.24203729629516602,-0.2188926637172699,-0.19574803113937378,-0.17260339856147766,-0.14945878088474274,-0.12631414830684662,-0.1031695157289505,-0.08002488315105438,-0.056880250573158264,-0.033735621720552444,-0.010590991005301476,0.012553639709949493,0.03569827228784561,0.05884290114045143,0.08198752999305725,0.10513216257095337,0.1282767951488495,0.1514214277267456,0.17456606030464172,0.19771069288253784,0.22085531055927277,0.24399994313716888,0.2671445906162262,0.2902892231941223,0.31343382596969604,0.33657845854759216,0.3597230911254883,0.3828677237033844,0.4060123562812805,0.42915698885917664,0.45230162143707275,0.47544625401496887],"_type":"histogram"},"rollout/ep_len_mean":35.55,"_step":4886,