{"train/learning_rate":0.001,"gradients/actor.mu.0.weight":{"_type":"histogram","values":[1,0,0,0,1,1,1,0,0,1,0,2,0,2,1,2,4,2,6,6,5,16,16,20,17,25,38,50,85,106,203,375,648,2392,4015,795,398,246,137,85,74,48,35,34,17,23,12,11,6,8,9,7,4,1,3,0,0,0,0,0,0,2,2,2],"bins":[-94.22015380859375,-91.45835876464844,-88.69656372070312,-85.93476867675781,-83.1729736328125,-80.41117858886719,-77.64938354492188,-74.88758850097656,-72.12579345703125,-69.36399841308594,-66.60220336914062,-63.84040832519531,-61.07861328125,-58.31681823730469,-55.555023193359375,-52.79322814941406,-50.03143310546875,-47.26963806152344,-44.507843017578125,-41.74604797363281,-38.9842529296875,-36.22245788574219,-33.460662841796875,-30.698867797851562,-27.93707275390625,-25.175277709960938,-22.413482666015625,-19.651687622070312,-16.889892578125,-14.128097534179688,-11.366302490234375,-8.604507446289062,-5.842720031738281,-3.0809249877929688,-0.31912994384765625,2.4426651000976562,5.204460144042969,7.966255187988281,10.728050231933594,13.489845275878906,16.25164031982422,19.01343536376953,21.775230407714844,24.537025451660156,27.29882049560547,30.06061553955078,32.822410583496094,35.584205627441406,38.34600067138672,41.10779571533203,43.869590759277344,46.631385803222656,49.39318084716797,52.15497589111328,54.916770935058594,57.678565979003906,60.44036102294922,63.20215606689453,65.96395111083984,68.72574615478516,71.48754119873047,74.24933624267578,77.0111312866211,79.7729263305664,82.53472137451172]},"gradients/actor.mu.4.weight":{"bins":[-58.902740478515625,-56.54787826538086,-54.193016052246094,-51.83815002441406,-49.4832878112793,-47.12842559814453,-44.7735595703125,-42.418697357177734,-40.06383514404297,-37.7089729309082,-35.35411071777344,-32.999244689941406,-30.64438247680664,-28.289520263671875,-25.934656143188477,-23.579792022705078,-21.224929809570312,-18.870067596435547,-16.51520347595215,-14.160340309143066,-11.805477142333984,-9.450613975524902,-7.09575080871582,-4.740887641906738,-2.3860244750976562,-0.03116130828857422,2.323701858520508,4.67856502532959,7.033428192138672,9.388291358947754,11.743154525756836,14.098017692565918,16.452880859375,18.807743072509766,21.162607192993164,23.517471313476562,25.872333526611328,28.227195739746094,30.582059860229492,32.93692398071289,35.291786193847656,37.64664840698242,40.00151062011719,42.35637664794922,44.711238861083984,47.06610107421875,49.42096710205078,51.77582931518555,54.13069152832031,56.48555374145508,58.840415954589844,61.195281982421875,63.55014419555664,65.9050064086914,68.25987243652344,70.61473083496094,72.96959686279297,75.324462890625,77.6793212890625,80.03418731689453,82.38905334472656,84.74391174316406,87.0987777709961,89.4536361694336,91.80850219726562],"_type":"histogram","values":[1,0,0,1,0,0,0,0,0,0,0,1,0,1,1,4,1,1,5,5,10,12,18,24,104,883,40,19,12,6,6,4,7,8,3,2,2,2,0,0,4,2,1,0,3,1,1,0,0,1,0,0,1,0,0,1,0,0,0,0,1,0,0,1]},"gradients/critic.qf0.2.bias":{"_type":"histogram","values":[1,0,0,0,3,1,3,1,1,1,2,2,2,2,2,4,3,4,6,5,8,3,1,1,3,1,1,3,1,0,0,0,0,1,150,3,4,3,5,12,8,8,5,5,3,5,2,1,2,1,1,2,1,3,1,1,2,0,0,3,0,1,0,2],"bins":[-10.133410453796387,-9.84304141998291,-9.552671432495117,-9.26230239868164,-8.971932411193848,-8.681563377380371,-8.391193389892578,-8.100824356079102,-7.810454845428467,-7.520085334777832,-7.229715824127197,-6.9393463134765625,-6.648977279663086,-6.358607769012451,-6.068238258361816,-5.777868747711182,-5.487499237060547,-5.197129726409912,-4.906760215759277,-4.616390705108643,-4.326021194458008,-4.035652160644531,-3.7452826499938965,-3.4549131393432617,-3.164543628692627,-2.874174118041992,-2.5838046073913574,-2.2934353351593018,-2.003065824508667,-1.7126963138580322,-1.422326922416687,-1.1319575309753418,-0.841588020324707,-0.551218569278717,-0.26084911823272705,0.02952033281326294,0.31988978385925293,0.6102592349052429,0.9006286859512329,1.1909980773925781,1.481367588043213,1.7717370986938477,2.0621066093444824,2.352475881576538,2.642845392227173,2.9332149028778076,3.2235841751098633,3.513953685760498,3.804323196411133,4.094692707061768,4.385062217712402,4.675431728363037,4.965801239013672,5.256170272827148,5.546539783477783,5.836909294128418,6.127278804779053,6.4176483154296875,6.708017826080322,6.998387336730957,7.288756370544434,7.579125881195068,7.869495391845703,8.159865379333496,8.450234413146973]},"gradients/critic.qf0.0.bias":{"values":[1,0,0,0,0,0,0,0,1,0,1,0,0,0,0,0,0,0,0,0,1,1,0,0,2,3,0,1,6,2,4,2,4,5,2,9,9,2,9,9,10,6,15,11,14,17,16,18,24,23,18,20,19,19,18,24,19,9,10,6,3,4,0,3],"bins":[-1632.615478515625,-1600.6719970703125,-1568.7286376953125,-1536.78515625,-1504.841796875,-1472.8983154296875,-1440.954833984375,-1409.011474609375,-1377.0679931640625,-1345.12451171875,-1313.18115234375,-1281.2376708984375,-1249.294189453125,-1217.350830078125,-1185.4073486328125,-1153.4639892578125,-1121.5205078125,-1089.5770263671875,-1057.6336669921875,-1025.690185546875,-993.7467651367188,-961.8033447265625,-929.85986328125,-897.9164428710938,-865.9730224609375,-834.0296020507812,-802.086181640625,-770.1427001953125,-738.1992797851562,-706.255859375,-674.3123779296875,-642.3689575195312,-610.425537109375,-578.4821166992188,-546.5386962890625,-514.5952758789062,-482.6518249511719,-450.7083740234375,-418.76495361328125,-386.821533203125,-354.8780822753906,-322.93463134765625,-290.9912109375,-259.04779052734375,-227.10433959960938,-195.16090393066406,-163.21746826171875,-131.27403259277344,-99.33059692382812,-67.38716125488281,-35.4437255859375,-3.5002899169921875,28.443145751953125,60.38658142089844,92.33001708984375,124.27345275878906,156.21688842773438,188.1603240966797,220.103759765625,252.0471954345703,283.9906311035156,315.93408203125,347.87750244140625,379.8209228515625,411.7643737792969],"_type":"histogram"},"_timestamp":1.7341331634901614e+09,"time/fps":33,"train/actor_loss":-115826.42,"gradients/actor.mu.2.weight":{"_type":"histogram","values":[1,0,0,3,0,0,0,1,2,2,0,2,1,3,3,1,2,4,12,15,12,28,23,33,67,102,167,305,607,1494,4508,104012,4903,1778,863,403,226,133,86,56,28,28,22,11,7,10,6,7,4,2,5,2,1,1,1,0,2,1,1,2,0,0,0,1],"bins":[-51.63348388671875,-49.99612808227539,-48.358768463134766,-46.721412658691406,-45.08405303955078,-43.44669723510742,-41.8093376159668,-40.17198181152344,-38.53462219238281,-36.89726638793945,-35.259910583496094,-33.62255096435547,-31.98519515991211,-30.347837448120117,-28.710479736328125,-27.073122024536133,-25.43576431274414,-23.79840660095215,-22.161048889160156,-20.523691177368164,-18.886333465576172,-17.248977661132812,-15.61161994934082,-13.974262237548828,-12.336904525756836,-10.699546813964844,-9.062189102172852,-7.424832344055176,-5.787474632263184,-4.150116920471191,-2.5127596855163574,-0.8754022121429443,0.7619552612304688,2.399312734603882,4.036670207977295,5.674027442932129,7.311385154724121,8.948742866516113,10.586099624633789,12.223457336425781,13.860815048217773,15.498172760009766,17.135530471801758,18.77288818359375,20.41024398803711,22.0476016998291,23.684959411621094,25.322317123413086,26.959674835205078,28.59703254699707,30.234390258789062,31.871747970581055,33.50910568237305,35.146461486816406,36.78382110595703,38.42117691040039,40.05853271484375,41.695892333984375,43.333248138427734,44.97060775756836,46.60796356201172,48.245323181152344,49.8826789855957,51.52003860473633,53.15739440917969]},"gradients/critic.qf0.4.weight":{"_type":"histogram","values":[3,2,3,0,1,0,1,0,0,0,0,1,0,0,0,0,1,0,1,0,0,0,0,0,0,1,0,0,0,0,0,1,0,0,0,0,0,0,0,0,0,0,0,0,0,1,0,0,2,1,1,1,1,1,2,2,2,4,4,4,1,8,19,231],