{"_runtime":3042.00304963,"gradients/actor.mu.2.weight":{"_type":"histogram","values":[1,0,0,0,2,0,2,1,0,2,0,0,2,3,1,2,4,4,5,6,5,16,10,15,16,19,35,34,55,87,132,199,242,349,516,766,1234,1868,3637,9281,87020,7014,2849,1469,919,643,459,294,233,174,106,86,50,34,31,20,17,9,6,4,6,1,3,2],"bins":[-0.01708899810910225,-0.016666356474161148,-0.016243716701865196,-0.015821075066924095,-0.015398434363305569,-0.014975792728364468,-0.014553152024745941,-0.014130511321127415,-0.013707869686186314,-0.013285228982567787,-0.01286258827894926,-0.01243994664400816,-0.012017305940389633,-0.011594665236771107,-0.011172023601830006,-0.01074938289821148,-0.010326741263270378,-0.009904100559651852,-0.009481459856033325,-0.009058818221092224,-0.008636177517473698,-0.008213536813855171,-0.0077908956445753574,-0.007368254475295544,-0.006945613771677017,-0.0065229726023972034,-0.00610033143311739,-0.005677690263837576,-0.0052550495602190495,-0.004832408390939236,-0.004409767221659422,-0.0039871265180408955,-0.0035644853487610817,-0.0031418444123119116,-0.002719203243032098,-0.0022965623065829277,-0.0018739212537184358,-0.0014512802008539438,-0.0010286392644047737,-0.0006059982115402818,-0.00018335715867578983,0.00023928386508487165,0.0006619248888455331,0.0010845658835023642,0.001507206936366856,0.001929847989231348,0.002352488925680518,0.002775130094960332,0.003197771031409502,0.003620411967858672,0.004043052904307842,0.004465694073587656,0.00488833524286747,0.005310975946485996,0.00573361711576581,0.006156258285045624,0.00657889898866415,0.007001540157943964,0.007424181327223778,0.007846822030842304,0.008269463665783405,0.008692104369401932,0.009114745073020458,0.00953738670796156,0.009960027411580086]},"gradients/actor.mu.2.bias":{"values":[1,0,0,0,0,0,1,0,0,0,0,0,0,0,0,0,0,1,2,1,2,3,5,3,3,6,7,2,7,7,19,17,13,103,23,14,12,5,9,5,7,2,6,2,2,4,0,1,0,1,0,1,1,1,0,0,0,0,0,0,0,0,0,1],"bins":[-0.020302895456552505,-0.01970229297876358,-0.019101690500974655,-0.01850108802318573,-0.017900485545396805,-0.01729988306760788,-0.016699280589818954,-0.01609867811203003,-0.015498075634241104,-0.014897473156452179,-0.014296870678663254,-0.013696268200874329,-0.013095665723085403,-0.012495063245296478,-0.011894460767507553,-0.011293858289718628,-0.010693255811929703,-0.010092653334140778,-0.009492050856351852,-0.008891448378562927,-0.008290845900774002,-0.007690243422985077,-0.007089640945196152,-0.0064890384674072266,-0.005888435989618301,-0.005287833511829376,-0.004687231034040451,-0.004086628556251526,-0.0034860260784626007,-0.0028854236006736755,-0.0022848211228847504,-0.0016842186450958252,-0.0010836180299520493,-0.0004830155521631241,0.00011758692562580109,0.0007181894034147263,0.0013187918812036514,0.0019193943589925766,0.0025199968367815018,0.003120599314570427,0.003721201792359352,0.004321804270148277,0.0049224067479372025,0.005523009225726128,0.006123611703515053,0.006724214181303978,0.007324816659092903,0.007925419136881828,0.008526021614670753,0.009126624092459679,0.009727226570248604,0.010327829048037529,0.010928431525826454,0.01152903400361538,0.012129636481404305,0.01273023895919323,0.013330841436982155,0.01393144391477108,0.014532046392560005,0.01513264887034893,0.015733251348137856,0.01633385382592678,0.016934456303715706,0.01753505878150463,0.018135661259293556],"_type":"histogram"},"_timestamp":1.733941019384043e+09,"gradients/critic.qf0.4.weight":{"values":[1,0,0,0,0,0,0,1,0,0,0,1,0,0,0,0,0,1,0,1,1,2,0,0,2,0,1,0,0,0,1,3,3,1,2,1,0,1,1,0,1,2,3,1,1,0,0,0,2,0,1,2,2,0,2,3,7,6,9,12,16,21,26,159],"bins":[-4.978900909423828,-4.9011054039001465,-4.823310375213623,-4.745514869689941,-4.667719841003418,-4.589924335479736,-4.512128829956055,-4.434333801269531,-4.35653829574585,-4.278742790222168,-4.2009477615356445,-4.123152256011963,-4.045356750488281,-3.967561721801758,-3.889766216278076,-3.8119709491729736,-3.734175682067871,-3.6563804149627686,-3.578585147857666,-3.5007896423339844,-3.422994375228882,-3.3451991081237793,-3.2674036026000977,-3.189608335494995,-3.1118130683898926,-3.03401780128479,-2.9562225341796875,-2.878427028656006,-2.8006317615509033,-2.722836494445801,-2.645040988922119,-2.5672457218170166,-2.489450454711914,-2.4116551876068115,-2.333859920501709,-2.2560644149780273,-2.178269147872925,-2.1004738807678223,-2.0226783752441406,-1.944883108139038,-1.8670878410339355,-1.789292573928833,-1.711497187614441,-1.6337018013000488,-1.5559065341949463,-1.4781112670898438,-1.4003158807754517,-1.3225204944610596,-1.244725227355957,-1.1669299602508545,-1.0891345739364624,-1.0113391876220703,-0.9335439205169678,-0.8557485938072205,-0.7779532670974731,-0.7001579403877258,-0.6223626136779785,-0.5445672869682312,-0.4667719602584839,-0.3889766335487366,-0.31118130683898926,-0.23338598012924194,-0.15559065341949463,-0.07779532670974731,0],"_type":"histogram"},"gradients/actor.mu.4.weight":{"_type":"histogram","values":[1,0,0,0,0,0,0,1,0,0,1,0,1,2,4,6,2,2,4,9,17,12,17,20,43,66,639,152,57,47,27,18,12,10,12,6,1,2,0,3,3,0,1,0,0,1,0,0,0,0,0,0,0,0,0,0,0,0,0,0,0,0,0,1],"bins":[-0.03150324150919914,-0.030329551547765732,-0.02915586158633232,-0.02798217348754406,-0.02680848352611065,-0.02563479356467724,-0.024461105465888977,-0.023287415504455566,-0.022113725543022156,-0.020940035581588745,-0.019766345620155334,-0.018592657521367073,-0.017418967559933662,-0.016245277598500252,-0.015071588568389416,-0.01389789953827858,-0.012724209576845169,-0.011550519615411758,-0.010376830585300922,-0.009203141555190086,-0.008029451593756676,-0.006855762097984552,-0.005682072602212429,-0.004508383106440306,-0.0033346936106681824,-0.002161004114896059,-0.0009873146191239357,0.00018637487664818764,0.001360064372420311,0.0025337538681924343,0.0037074433639645576,0.004881132859736681,0.006054818630218506,0.007228508125990629,0.008402197621762753,0.009575886651873589,0.010749576613307,0.01192326657474041,0.013096955604851246,0.014270644634962082,0.015444334596395493,0.016618024557828903,0.017791714519262314,0.018965402618050575,0.020139092579483986,0.021312782540917397,0.022486470639705658,0.02366016060113907,0.02483385056257248,0.02600754052400589,0.0271812304854393,0.028354918584227562,0.029528608545660973,0.030702298507094383,0.031875986605882645,0.033049676567316055,0.034223366528749466,0.03539705649018288,0.03657074645161629,0.0377444364130497,0.03891812264919281,0.04009181261062622,0.04126550257205963,0.04243919253349304,0.04361288249492645]},"global_step":99956,"gradients/critic.qf0.2.weight":{"bins":[-0.7294518947601318,-0.7110090851783752,-0.6925662755966187,-0.6741234660148621,-0.6556806564331055,-0.6372379064559937,-0.6187950968742371,-0.6003522872924805,-0.5819094777107239,-0.5634666681289673,-0.5450238585472107,-0.5265810489654541,-0.5081382989883423,-0.4896954596042633,-0.4712526798248291,-0.4528098702430725,-0.4343670606613159,-0.4159242510795593,-0.39748144149780273,-0.37903866171836853,-0.36059585213661194,-0.34215304255485535,-0.32371026277542114,-0.30526745319366455,-0.28682464361190796,-0.26838183403015137,-0.24993903934955597,-0.23149624466896057,-0.21305343508720398,-0.1946106255054474,-0.176167830824852,-0.1577250361442566,-0.13928216695785522,-0.12083936482667923,-0.10239656269550323,-0.08395376056432724,-0.06551095843315125,-0.04706815630197525,-0.028625354170799255,-0.01018255203962326,0.008260250091552734,0.02670305222272873,0.045145854353904724,0.06358865648508072,0.08203145861625671,0.10047426074743271,0.1189170628786087,0.1373598575592041,0.1558026671409607,0.17424547672271729,0.19268827140331268,0.21113106608390808,0.22957387566566467,0.24801668524742126,0.26645946502685547,0.28490227460861206,0.30334508419036865,0.32178789377212524,0.34023070335388184,0.35867348313331604,0.37711629271507263,0.3955591022968292,0.4140018820762634,0.43244469165802,0.4508875012397766],"_type":"histogram","values":[1,0,0,1,0,0,0,1,0,1,0,1,2,0,3,6,7,8,14,10,13,16,16,23,36,42,47,67,110,139,227,295,444,714,1005,1454,2061,3164,5780,89154,11463,2209,775,346,152,66,46,31,18,9,7,3,7,2,0,1,0,0,0,1,1,0,0,1]},