{"_timestamp":1.733779366155007e+09,"gradients/critic.qf0.4.bias":{"_type":"histogram","values":[1],"bins":[-1,-1]},"gradients/critic.qf0.0.weight":{"values":[2,0,1,1,2,0,1,3,0,0,0,1,2,1,4,4,3,2,8,6,6,9,5,4,25,14,27,26,43,97,128,169,412,1123,14245,7613,1068,374,180,122,88,52,30,21,14,11,7,8,6,7,4,4,2,4,3,3,0,0,1,2,0,0,1,1],"bins":[-0.47310811281204224,-0.4595666527748108,-0.44602516293525696,-0.4324837028980255,-0.41894224286079407,-0.40540075302124023,-0.3918592929840088,-0.37831783294677734,-0.3647763729095459,-0.35123488306999207,-0.3376934230327606,-0.3241519629955292,-0.31061047315597534,-0.2970690131187439,-0.28352755308151245,-0.2699860632419586,-0.2564446032047272,-0.24290312826633453,-0.2293616682291031,-0.21582019329071045,-0.202278733253479,-0.18873725831508636,-0.17519578337669373,-0.16165432333946228,-0.14811284840106964,-0.134571373462677,-0.12102991342544556,-0.10748843848705292,-0.09394697099924088,-0.08040550351142883,-0.0668640285730362,-0.05332256108522415,-0.03978109359741211,-0.026239624246954918,-0.012698154896497726,0.000843314453959465,0.014384783804416656,0.027926253154873848,0.04146772250533104,0.05500919371843338,0.06855066120624542,0.08209212869405746,0.0956335961818695,0.10917507112026215,0.12271653860807419,0.13625800609588623,0.14979948103427887,0.16334094107151031,0.17688241600990295,0.1904238909482956,0.20396535098552704,0.21750682592391968,0.23104828596115112,0.24458976089954376,0.2581312358379364,0.27167269587516785,0.2852141857147217,0.2987556457519531,0.31229710578918457,0.325838565826416,0.33938005566596985,0.3529215157032013,0.36646297574043274,0.3800044655799866,0.393545925617218],"_type":"histogram"},"rollout/ep_len_mean":100,"gradients/actor.mu.0.bias":{"values":[2,0,0,0,0,2,0,0,0,2,0,0,3,2,3,3,5,2,5,4,6,6,5,9,8,9,13,21,19,17,23,21,23,19,18,16,18,16,12,11,13,9,6,6,3,4,4,6,5,3,2,3,2,2,0,2,3,1,0,0,0,1,1,1],"bins":[-0.01036645844578743,-0.010049557313323021,-0.009732657112181187,-0.009415755979716778,-0.009098855778574944,-0.008781954646110535,-0.0084650544449687,-0.008148153312504292,-0.007831253111362457,-0.007514351978898048,-0.007197451312094927,-0.006880550645291805,-0.006563649978488684,-0.006246749311685562,-0.005929848644882441,-0.005612947978079319,-0.005296047311276197,-0.004979146644473076,-0.004662245977669954,-0.004345345310866833,-0.004028444644063711,-0.003711543744429946,-0.0033946430776268244,-0.003077742410823703,-0.0027608417440205812,-0.0024439410772174597,-0.002127040410414338,-0.0018101396271958947,-0.0014932389603927732,-0.0011763382935896516,-0.0008594375685788691,-0.0005425368435680866,-0.00022563617676496506,9.126451914198697e-05,0.000408165215048939,0.0007250659400597215,0.001041966606862843,0.0013588672736659646,0.001675768056884408,0.0019926687236875296,0.002309569390490651,0.0026264700572937727,0.0029433707240968943,0.003260271390900016,0.003577172290533781,0.0038940729573369026,0.004210973624140024,0.004527874290943146,0.004844774957746267,0.005161675624549389,0.0054785762913525105,0.005795476958155632,0.006112377624958754,0.006429278291761875,0.006746178958564997,0.007063079625368118,0.007379980757832527,0.007696881424635649,0.00801378209143877,0.008330682292580605,0.008647583425045013,0.008964483626186848,0.009281384758651257,0.00959828495979309,0.0099151860922575],"_type":"histogram"},"gradients/critic.qf0.4.weight":{"_type":"histogram","values":[1,0,0,0,2,0,0,0,0,0,0,0,0,0,1,0,0,0,0,0,0,0,0,0,1,0,0,0,0,0,0,0,0,0,1,0,0,0,1,0,0,0,0,1,0,0,0,0,2,4,5,0,1,4,1,4,1,5,4,10,12,19,16,204],"bins":[-9.163591384887695,-9.020410537719727,-8.877228736877441,-8.734047889709473,-8.590867042541504,-8.447686195373535,-8.30450439453125,-8.161323547363281,-8.018142700195312,-7.8749613761901855,-7.731780052185059,-7.58859920501709,-7.445417881011963,-7.302237033843994,-7.159055709838867,-7.015874862670898,-6.8726935386657715,-6.7295122146606445,-6.586331367492676,-6.443150043487549,-6.29996919631958,-6.156787872314453,-6.013607025146484,-5.870425701141357,-5.7272443771362305,-5.584063529968262,-5.440882205963135,-5.297701358795166,-5.154520034790039,-5.01133918762207,-4.868157863616943,-4.724977016448975,-4.581795692443848,-4.438614368438721,-4.295433521270752,-4.152252197265625,-4.009071350097656,-3.8658900260925293,-3.7227089405059814,-3.5795278549194336,-3.4363467693328857,-3.293165683746338,-3.14998459815979,-3.006803512573242,-2.8636221885681152,-2.7204411029815674,-2.5772600173950195,-2.4340789318084717,-2.290897846221924,-2.147716760635376,-2.004535675048828,-1.8613544702529907,-1.7181733846664429,-1.574992299079895,-1.4318110942840576,-1.2886300086975098,-1.145448923110962,-1.002267837524414,-0.8590866923332214,-0.7159055471420288,-0.572724461555481,-0.4295433461666107,-0.2863622307777405,-0.14318111538887024,0]},"gradients/critic.qf0.2.bias":{"_type":"histogram","values":[1,1,0,0,0,0,0,0,0,0,0,0,0,1,0,0,0,0,1,0,0,0,0,0,1,0,0,0,0,1,0,0,2,0,0,0,0,1,2,0,0,2,1,1,0,1,0,1,1,2,3,1,3,163,17,31,20,10,9,7,4,6,3,3],"bins":[-0.457126647233963,-0.4486580491065979,-0.4401894211769104,-0.4317207932472229,-0.4232521951198578,-0.4147835969924927,-0.4063149690628052,-0.3978463411331177,-0.38937774300575256,-0.38090914487838745,-0.37244051694869995,-0.36397188901901245,-0.35550329089164734,-0.3470346927642822,-0.3385660648345947,-0.3300974369049072,-0.3216288387775421,-0.313160240650177,-0.3046916127204895,-0.296222984790802,-0.2877543866634369,-0.2792857885360718,-0.2708171606063843,-0.2623485326766968,-0.25387993454933167,-0.24541132152080536,-0.23694270849227905,-0.22847409546375275,-0.22000548243522644,-0.21153686940670013,-0.20306825637817383,-0.19459964334964752,-0.18613100051879883,-0.17766238749027252,-0.16919377446174622,-0.1607251614332199,-0.1522565484046936,-0.1437879353761673,-0.135319322347641,-0.12685070931911469,-0.11838209629058838,-0.10991348326206207,-0.10144487023353577,-0.09297625720500946,-0.08450764417648315,-0.07603903114795685,-0.06757041811943054,-0.059101805090904236,-0.05063319206237793,-0.042164579033851624,-0.03369596600532532,-0.02522735297679901,-0.016758739948272705,-0.008290126919746399,0.00017848610877990723,0.008647099137306213,0.01711571216583252,0.025584325194358826,0.03405293822288513,0.04252155125141144,0.050990164279937744,0.05945877730846405,0.06792739033699036,0.07639600336551666,0.08486461639404297]},"rollout/ep_rew_mean":-100,"gradients/critic.qf0.2.weight":{"values":[2,0,0,0,0,0,0,0,1,1,1,1,1,4,2,2,0,1,2,4,8,5,11,4,3,13,7,15,19,23,28,31,29,40,53,67,90,95,111,170,203,243,333,434,545,798,1197,2574,102780,6850,1817,663,321,147,93,61,42,25,14,6,5,2,2,1],"bins":[-0.4052877724170685,-0.39690694212913513,-0.38852614164352417,-0.3801453113555908,-0.37176448106765747,-0.3633836805820465,-0.35500285029411316,-0.3466220200061798,-0.33824121952056885,-0.3298603892326355,-0.32147955894470215,-0.3130987584590912,-0.30471792817115784,-0.2963370978832245,-0.2879562973976135,-0.2795754671096802,-0.2711946368217468,-0.26281383633613586,-0.2544330060482025,-0.24605219066143036,-0.2376713752746582,-0.22929054498672485,-0.2209097295999527,-0.21252891421318054,-0.2041480839252472,-0.19576726853847504,-0.18738645315170288,-0.17900563776493073,-0.17062480747699738,-0.16224399209022522,-0.15386317670345306,-0.14548234641551971,-0.13710154592990875,-0.1287207305431366,-0.12033990770578384,-0.11195908486843109,-0.10357826948165894,-0.09519744664430618,-0.08681662380695343,-0.07843580842018127,-0.07005498558282852,-0.06167416647076607,-0.05329334735870361,-0.04491252452135086,-0.036531705409288406,-0.028150886297225952,-0.01977006532251835,-0.01138924527913332,-0.003008425235748291,0.005372394807636738,0.013753214851021767,0.02213403582572937,0.030514854937791824,0.03889567404985428,0.04727649688720703,0.055657315999269485,0.06403813511133194,0.07241895794868469,0.08079977333545685,0.0891805961728096,0.09756141901016235,0.10594223439693451,0.11432305723428726,0.12270387262105942,0.13108469545841217],"_type":"histogram"},