{"gradients/critic.qf0.4.weight":{"_type":"histogram","values":[1,0,0,0,0,0,0,0,0,0,0,1,0,0,0,0,0,0,0,0,0,0,0,0,0,0,1,1,1,0,0,0,1,1,1,0,2,3,4,0,0,1,1,0,1,1,0,1,1,1,1,0,2,0,0,1,0,3,0,6,10,9,34,210],"bins":[-11.854162216186523,-11.668940544128418,-11.483719825744629,-11.298498153686523,-11.113277435302734,-10.928055763244629,-10.742834091186523,-10.557613372802734,-10.372391700744629,-10.18717098236084,-10.001949310302734,-9.816727638244629,-9.63150691986084,-9.446285247802734,-9.261064529418945,-9.07584285736084,-8.890621185302734,-8.705400466918945,-8.52017879486084,-8.33495807647705,-8.149736404418945,-7.964515209197998,-7.779294013977051,-7.5940728187561035,-7.408851623535156,-7.223629951477051,-7.0384087562561035,-6.853187561035156,-6.667966365814209,-6.482745170593262,-6.297523498535156,-6.112302303314209,-5.927081108093262,-5.7418599128723145,-5.556638717651367,-5.371417045593262,-5.1861958503723145,-5.000974655151367,-4.81575345993042,-4.630532264709473,-4.445310592651367,-4.26008939743042,-4.074868202209473,-3.8896470069885254,-3.704425811767578,-3.5192043781280518,-3.3339831829071045,-3.148761749267578,-2.963540554046631,-2.7783193588256836,-2.5930979251861572,-2.40787672996521,-2.2226552963256836,-2.0374341011047363,-1.852212905883789,-1.6669915914535522,-1.4817702770233154,-1.2965489625930786,-1.1113276481628418,-0.9261064529418945,-0.7408851385116577,-0.5556638240814209,-0.37044256925582886,-0.18522128462791443,0]},"gradients/actor.mu.4.weight":{"_type":"histogram","values":[1,0,0,0,0,0,0,0,0,0,0,0,1,0,1,0,0,0,1,1,0,1,0,0,1,1,0,4,2,2,0,4,1,3,2,4,1,2,7,5,13,11,11,24,14,27,32,689,96,68,38,42,29,16,16,7,8,2,5,2,1,1,0,3],"bins":[-0.047513410449028015,-0.046519722789525986,-0.045526035130023956,-0.04453234747052193,-0.0435386598110199,-0.042544975876808167,-0.04155128821730614,-0.04055760055780411,-0.03956391289830208,-0.03857022523880005,-0.03757653757929802,-0.03658284991979599,-0.03558916598558426,-0.03459547832608223,-0.0336017906665802,-0.03260810300707817,-0.03161441534757614,-0.030620727688074112,-0.029627040028572083,-0.028633354231715202,-0.027639666572213173,-0.026645978912711143,-0.025652293115854263,-0.024658605456352234,-0.023664917796850204,-0.022671230137348175,-0.021677542477846146,-0.020683856680989265,-0.019690169021487236,-0.018696481361985207,-0.017702795565128326,-0.016709107905626297,-0.015715423971414566,-0.014721736311912537,-0.013728049583733082,-0.012734362855553627,-0.011740675196051598,-0.010746987536549568,-0.009753300808370113,-0.008759614080190659,-0.007765926420688629,-0.006772239226847887,-0.005778552033007145,-0.004784864839166403,-0.0037911776453256607,-0.0027974904514849186,-0.0018038032576441765,-0.0008101160638034344,0.00018357113003730774,0.0011772583238780499,0.002170945517718792,0.003164632711559534,0.004158319905400276,0.005152007099241018,0.00614569429308176,0.0071393814869225025,0.008133068680763245,0.009126756340265274,0.010120443068444729,0.011114129796624184,0.012107817456126213,0.013101505115628242,0.014095191843807697,0.015088878571987152,0.01608256623148918]},"rollout/ep_rew_mean":-49,"global_step":34503,"_timestamp":1.7337793614885294e+09,"time/fps":30,"gradients/actor.mu.0.weight":{"bins":[-0.02595439739525318,-0.025139544159173965,-0.02432469092309475,-0.023509835824370384,-0.022694982588291168,-0.021880129352211952,-0.021065276116132736,-0.02025042288005352,-0.019435569643974304,-0.01862071454524994,-0.017805861309170723,-0.016991008073091507,-0.01617615483701229,-0.0153613006696105,-0.014546447433531284,-0.013731593266129494,-0.012916740030050278,-0.012101886793971062,-0.011287032626569271,-0.010472179390490055,-0.009657325223088264,-0.008842471987009048,-0.008027618750929832,-0.007212765049189329,-0.006397911347448826,-0.0055830576457083225,-0.004768203943967819,-0.003953350707888603,-0.0031384970061481,-0.0023236433044075966,-0.001508789835497737,-0.0006939362501725554,0.00012091919779777527,0.0009357727831229568,0.0017506263684481382,0.002565479837357998,0.003380333539098501,0.0041951872408390045,0.0050100404769182205,0.005824894178658724,0.006639747880399227,0.0074546015821397305,0.008269455283880234,0.00908430851995945,0.009899161756038666,0.010714015923440456,0.011528869159519672,0.012343723326921463,0.013158576563000679,0.013973429799079895,0.014788283966481686,0.015603137202560902,0.016417991369962692,0.017232844606041908,0.018047697842121124,0.01886255107820034,0.019677404314279556,0.02049225941300392,0.021307112649083138,0.022121965885162354,0.02293681912124157,0.023751672357320786,0.02456652745604515,0.025381380692124367,0.026196233928203583],"_type":"histogram","values":[1,0,0,1,0,1,2,0,3,5,1,1,7,3,6,6,10,11,13,19,14,27,39,40,52,87,95,144,298,596,1305,9242,2891,944,504,269,132,94,79,40,57,36,30,24,12,9,9,5,8,8,5,0,2,2,4,1,3,1,0,0,0,0,1,1]},"train/critic_loss":0.73287046,"gradients/actor.mu.2.bias":{"_type":"histogram","values":[1,0,1,0,0,1,1,1,0,1,0,1,0,0,0,0,1,1,1,4,3,1,1,2,5,4,6,5,8,5,10,4,157,6,6,7,14,5,4,4,4,4,4,2,1,1,4,2,1,1,0,1,0,0,0,1,1,0,1,0,0,0,0,1],"bins":[-0.02386724203824997,-0.023130102083086967,-0.022392960265278816,-0.021655820310115814,-0.020918678492307663,-0.02018153853714466,-0.01944439671933651,-0.018707256764173508,-0.017970114946365356,-0.017232974991202354,-0.016495835036039352,-0.0157586932182312,-0.0150215532630682,-0.014284412376582623,-0.013547271490097046,-0.01281013060361147,-0.012072989717125893,-0.011335848830640316,-0.01059870794415474,-0.009861567057669163,-0.009124426171183586,-0.008387286216020584,-0.0076501453295350075,-0.006913004443049431,-0.006175863556563854,-0.005438722670078278,-0.004701581783592701,-0.003964441362768412,-0.003227300476282835,-0.0024901595897972584,-0.0017530189361423254,-0.0010158781660720706,-0.00027873553335666656,0.00045840523671358824,0.001195546006783843,0.0019326867768540978,0.0026698275469243526,0.0034069684334099293,0.004144108854234219,0.004881249740719795,0.005618390627205372,0.0063555315136909485,0.007092672400176525,0.007829813286662102,0.008566953241825104,0.00930409412831068,0.010041235014796257,0.010778375901281834,0.01151551678776741,0.012252657674252987,0.012989798560738564,0.01372693944722414,0.014464080333709717,0.015201220288872719,0.01593836210668087,0.016675502061843872,0.017412643879652023,0.018149783834815025,0.018886923789978027,0.01962406560778618,0.02036120556294918,0.021098347380757332,0.021835487335920334,0.022572629153728485,0.023309769108891487]},"_wandb":{"runtime":1135},"gradients/critic.qf0.2.bias":{"bins":[-0.43595343828201294,-0.4266606867313385,-0.41736793518066406,-0.408075213432312,-0.3987824618816376,-0.38948971033096313,-0.3801969587802887,-0.37090423703193665,-0.3616114854812622,-0.35231873393058777,-0.34302598237991333,-0.3337332308292389,-0.32444050908088684,-0.3151477575302124,-0.30585500597953796,-0.2965622544288635,-0.2872695326805115,-0.27797678112983704,-0.2686840295791626,-0.25939127802848816,-0.2500985264778137,-0.24080578982830048,-0.23151305317878723,-0.2222203016281128,-0.21292755007743835,-0.2036348134279251,-0.19434206187725067,-0.18504932522773743,-0.175756573677063,-0.16646383702754974,-0.1571710854768753,-0.14787834882736206,-0.13858561217784882,-0.12929286062717438,-0.12000012397766113,-0.11070737987756729,-0.10141463577747345,-0.09212188422679901,-0.08282914012670517,-0.07353639602661133,-0.06424365192651749,-0.054950907826423645,-0.0456581637263298,-0.03636541590094566,-0.027072671800851822,-0.01777992770075798,-0.00848718173801899,0.0008055632933974266,0.010098308324813843,0.019391052424907684,0.028683798387646675,0.037976544350385666,0.04726928845047951,0.05656203255057335,0.06585478037595749,0.07514752447605133,0.08444026857614517,0.09373301267623901,0.10302575677633286,0.1123185008764267,0.12161125242710114,0.13090398907661438,0.14019674062728882,0.14948947727680206,0.1587822288274765],"_type":"histogram","values":[1,0,0,0,0,0,2,0,2,0,0,0,0,0,0,0,0,1,0,2,2,1,3,2,5,4,0,3,2,1,3,1,2,3,0,1,1,1,3,0,2,2,2,1,0,1,118,18,17,17,9,13,13,10,7,5,4,5,4,0,3,1,0,2]},