{"gradients/critic.qf0.4.bias":{"bins":[-1,-1],"_type":"histogram","values":[1]},"rollout/ep_rew_mean":-100,"gradients/actor.mu.4.bias":{"values":[1,0,0,0,0,0,0,1,0,0,0,0,0,0,0,1,0,0,0,0,0,0,0,0,0,0,0,0,0,0,0,0,0,0,0,0,0,0,0,0,0,0,0,0,0,0,0,0,0,0,0,0,0,0,0,0,0,0,0,0,0,0,0,1],"bins":[0.0014474461786448956,0.0020184111781418324,0.002589376410469413,0.0031603416427969933,0.00373130664229393,0.004302271641790867,0.004873236641287804,0.005444202106446028,0.0060151671059429646,0.006586132105439901,0.0071570975705981255,0.007728062570095062,0.008299027569591999,0.008869992569088936,0.009440957568585873,0.01001192256808281,0.01058288849890232,0.011153853498399258,0.011724818497896194,0.012295783497393131,0.012866748496890068,0.013437713496387005,0.014008678495883942,0.014579643495380878,0.015150608494877815,0.015721574425697327,0.01629253849387169,0.0168635044246912,0.01743447035551071,0.018005434423685074,0.018576400354504585,0.019147364422678947,0.01971833035349846,0.02028929628431797,0.020860260352492332,0.021431226283311844,0.022002190351486206,0.022573156282305717,0.02314412035048008,0.02371508628129959,0.024286050349473953,0.024857016280293465,0.025427982211112976,0.025998946279287338,0.02656991221010685,0.027140876278281212,0.027711842209100723,0.028282806277275085,0.028853772208094597,0.02942473813891411,0.02999570220708847,0.030566668137907982,0.031137632206082344,0.031708598136901855,0.03227956220507622,0.03285052627325058,0.03342149406671524,0.0339924581348896,0.034563422203063965,0.035134389996528625,0.03570535406470299,0.03627631813287735,0.03684728220105171,0.03741824999451637,0.037989214062690735],"_type":"histogram"},"_timestamp":1.7337749559962678e+09,"gradients/critic.qf0.4.weight":{"values":[1,0,0,0,0,0,0,0,1,0,0,0,0,0,0,0,0,0,1,1,0,0,1,0,0,0,1,0,1,1,2,1,0,2,1,0,1,0,1,1,0,0,0,0,0,0,0,0,1,1,2,2,2,3,2,5,1,2,2,15,12,9,25,199],"bins":[-12.246585845947266,-12.055233001708984,-11.863880157470703,-11.672527313232422,-11.48117446899414,-11.28982162475586,-11.098468780517578,-10.907115936279297,-10.715763092041016,-10.524409294128418,-10.333056449890137,-10.141703605651855,-9.950350761413574,-9.758997917175293,-9.567645072937012,-9.37629222869873,-9.18493938446045,-8.993586540222168,-8.802233695983887,-8.610880851745605,-8.419528007507324,-8.228175163269043,-8.036822319030762,-7.845468997955322,-7.654116153717041,-7.46276330947876,-7.2714104652404785,-7.080057621002197,-6.888704299926758,-6.697351455688477,-6.505998611450195,-6.314645767211914,-6.123292922973633,-5.931940078735352,-5.74058723449707,-5.549234390258789,-5.357881546020508,-5.166528224945068,-4.975175380706787,-4.783822536468506,-4.592469692230225,-4.401116847991943,-4.209764003753662,-4.018411159515381,-3.8270580768585205,-3.6357052326202393,-3.444352149963379,-3.2529993057250977,-3.0616464614868164,-2.870293617248535,-2.678940773010254,-2.4875876903533936,-2.2962348461151123,-2.104882001876831,-1.9135290384292603,-1.7221760749816895,-1.5308232307434082,-1.339470386505127,-1.1481174230575562,-0.9567645192146301,-0.7654116153717041,-0.5740587115287781,-0.38270580768585205,-0.19135290384292603,0],"_type":"histogram"},"gradients/actor.mu.0.bias":{"_type":"histogram","values":[1,0,0,1,0,0,3,1,0,1,2,0,1,1,0,2,1,3,1,3,2,8,6,5,7,10,16,13,15,18,17,23,27,29,17,25,21,19,11,11,15,12,10,8,5,2,3,4,2,4,1,2,2,2,0,2,1,1,1,0,0,0,1,1],"bins":[-0.04536888748407364,-0.04403582587838173,-0.04270276427268982,-0.04136969894170761,-0.0400366373360157,-0.03870357573032379,-0.03737051412463188,-0.03603744879364967,-0.034704387187957764,-0.033371325582265854,-0.032038263976573944,-0.030705200508236885,-0.029372138902544975,-0.028039075434207916,-0.026706013828516006,-0.025372950360178947,-0.024039888754487038,-0.022706827148795128,-0.02137376368045807,-0.02004070207476616,-0.0187076386064291,-0.01737457700073719,-0.01604151353240013,-0.014708451926708221,-0.013375389389693737,-0.012042326852679253,-0.010709264315664768,-0.009376201778650284,-0.008043140172958374,-0.006710077170282602,-0.005377015098929405,-0.004043952561914921,-0.0027108900249004364,-0.0013778276043012738,-4.4765183702111244e-05,0.0012882972368970513,0.002621359657496214,0.003954422194510698,0.005287484265863895,0.00662054680287838,0.007953609339892864,0.009286671876907349,0.010619734413921833,0.011952796950936317,0.013285858556628227,0.014618921093642712,0.015951983630657196,0.017285047098994255,0.018618108704686165,0.019951170310378075,0.021284233778715134,0.022617295384407043,0.023950358852744102,0.025283420458436012,0.02661648392677307,0.02794954553246498,0.02928260713815689,0.03061567060649395,0.03194873407483101,0.03328179568052292,0.03461485728621483,0.03594791889190674,0.03728098422288895,0.038614045828580856,0.039947107434272766]},"gradients/critic.qf0.0.bias":{"_type":"histogram","values":[1,0,0,0,0,1,0,2,1,0,1,1,2,1,3,2,0,3,2,2,2,5,7,14,11,15,23,27,37,44,30,22,16,17,11,18,10,15,5,8,4,2,3,4,3,0,1,4,1,4,1,0,0,0,4,2,2,0,2,1,1,0,0,2],"bins":[-0.8322569131851196,-0.8043103218078613,-0.7763637900352478,-0.7484171986579895,-0.7204706072807312,-0.6925240755081177,-0.6645774841308594,-0.6366308927536011,-0.6086843609809875,-0.5807377696037292,-0.552791178226471,-0.5248446464538574,-0.4968980550765991,-0.4689514935016632,-0.4410049319267273,-0.413058340549469,-0.3851117789745331,-0.35716521739959717,-0.32921862602233887,-0.30127206444740295,-0.27332550287246704,-0.24537892639636993,-0.21743234992027283,-0.18948578834533691,-0.1615392118692398,-0.1335926353931427,-0.10564607381820679,-0.07769949734210968,-0.04975292831659317,-0.02180635742843151,0.006140213459730148,0.03408678621053696,0.06203335523605347,0.08997992426156998,0.11792649328708649,0.1458730697631836,0.1738196313381195,0.2017662078142166,0.22971278429031372,0.25765934586524963,0.28560590744018555,0.31355249881744385,0.34149906039237976,0.3694456219673157,0.397392213344574,0.4253387749195099,0.4532853364944458,0.4812319278717041,0.5091785192489624,0.5371250510215759,0.5650716423988342,0.5930181741714478,0.620964765548706,0.6489113569259644,0.6768578886985779,0.7048044800758362,0.7327510714530945,0.760697603225708,0.7886441946029663,0.8165907859802246,0.8445373177528381,0.8724839091300964,0.9004305005073547,0.9283770322799683,0.9563236236572266]},"_wandb":{"runtime":2685},"gradients/critic.qf0.0.weight":{"_type":"histogram","values":[1,1,0,0,1,1,0,0,1,0,0,1,2,3,2,2,5,10,11,16,27,51,88,168,311,678,2398,16407,4050,903,381,179,94,71,42,25,12,12,6,4,8,3,2,2,3,4,0,3,0,0,3,2,2,1,0,1,0,0,0,1,0,0,0,1],"bins":[-0.4034319519996643,-0.3888395130634308,-0.37424707412719727,-0.35965460538864136,-0.34506216645240784,-0.3304697275161743,-0.3158772885799408,-0.3012848198413849,-0.28669238090515137,-0.27209994196891785,-0.2575075030326843,-0.2429150491952896,-0.2283226102590561,-0.21373015642166138,-0.19913771748542786,-0.18454526364803314,-0.16995282471179962,-0.1553603857755661,-0.1407679319381714,-0.12617549300193787,-0.11158303916454315,-0.09699060022830963,-0.08239815384149551,-0.0678057074546814,-0.05321326106786728,-0.03862081468105316,-0.024028370156884193,-0.00943592470139265,0.005156520754098892,0.01974896714091301,0.03434140980243683,0.048933856189250946,0.06352630257606506,0.07811874896287918,0.0927111953496933,0.10730364173650742,0.12189608812332153,0.13648852705955505,0.15108098089694977,0.1656734198331833,0.180265873670578,0.19485831260681152,0.20945075154304504,0.22404320538043976,0.23863564431667328,0.253228098154068,0.2678205370903015,0.28241297602653503,0.29700541496276855,0.31159788370132446,0.326190322637558,0.3407827615737915,0.355375200510025,0.36996766924858093,0.38456010818481445,0.399152547121048,0.4137449860572815,0.428337424993515,0.4429298937320709,0.45752233266830444,0.47211477160453796,0.4867072105407715,0.5012996792793274,0.5158920884132385,0.5304845571517944]},