{"train/learning_rate":0.001,"rollout/success_rate":0.01,"gradients/actor.mu.4.weight":{"bins":[-0.0017010157462209463,-0.0016744286986067891,-0.001647841650992632,-0.0016212544869631529,-0.0015946674393489957,-0.0015680803917348385,-0.0015414933441206813,-0.001514906296506524,-0.001488319132477045,-0.0014617320848628879,-0.0014351450372487307,-0.0014085579896345735,-0.0013819709420204163,-0.0013553837779909372,-0.00132879673037678,-0.0013022096827626228,-0.0012756226351484656,-0.0012490355875343084,-0.0012224484235048294,-0.0011958613758906722,-0.001169274328276515,-0.0011426872806623578,-0.0011161002330482006,-0.0010895130690187216,-0.0010629260214045644,-0.0010363389737904072,-0.00100975192617625,-0.0009831648785620928,-0.0009565777727402747,-0.0009299906669184566,-0.0009034036193042994,-0.0008768165134824812,-0.0008502294076606631,-0.0008236423600465059,-0.0007970552542246878,-0.0007704682066105306,-0.0007438811589963734,-0.0007172940531745553,-0.0006907070055603981,-0.00066411989973858,-0.0006375328521244228,-0.0006109457463026047,-0.0005843586986884475,-0.0005577716510742903,-0.0005311845452524722,-0.000504597497638315,-0.0004780104209203273,-0.00045142334420233965,-0.000424836267484352,-0.00039824919076636434,-0.00037166214315220714,-0.0003450750664342195,-0.0003184879897162318,-0.00029190091299824417,-0.0002653138362802565,-0.00023872677411418408,-0.00021213971194811165,-0.000185552635230124,-0.00015896555851213634,-0.0001323784963460639,-0.00010579141962807626,-7.920435018604621e-05,-5.2617277106037363e-05,-2.6030205845017917e-05,5.568646201936645e-07],"_type":"histogram","values":[1,0,0,0,0,0,0,0,0,0,1,1,0,0,0,0,0,1,1,0,1,1,0,1,1,0,2,0,0,1,0,0,0,2,2,1,3,0,0,1,1,1,0,0,0,2,1,1,0,1,0,2,6,2,1,0,1,2,1,1,6,1,0,1149]},"gradients/actor.mu.0.weight":{"values":[1,0,0,1,0,0,0,1,1,0,2,0,0,2,2,2,2,2,2,3,1,3,7,3,8,5,9,4,4,8,24,43,144,452,22866,478,144,52,27,8,18,11,8,9,7,3,5,7,4,2,4,2,1,2,2,1,0,1,0,1,0,0,0,1],"bins":[-0.002620716579258442,-0.002544800750911236,-0.0024688849225640297,-0.0023929693270474672,-0.002317053498700261,-0.002241137670353055,-0.002165221842005849,-0.0020893062464892864,-0.0020133904181420803,-0.0019374745897948742,-0.001861558761447668,-0.0017856430495157838,-0.0017097272211685777,-0.0016338115092366934,-0.0015578956808894873,-0.001481979968957603,-0.0014060641406103969,-0.0013301483122631907,-0.0012542326003313065,-0.0011783167719841003,-0.001102401060052216,-0.00102648523170501,-0.0009505694615654647,-0.0008746536914259195,-0.0007987379212863743,-0.0007228221511468291,-0.0006469063810072839,-0.0005709906108677387,-0.0004950747825205326,-0.00041915904148481786,-0.0003432432422414422,-0.000267327472101897,-0.0001914117019623518,-0.00011549592454684898,-3.9580147131346166e-05,3.633563028415665e-05,0.00011225140769965947,0.00018816717783920467,0.00026408297708258033,0.00033999874722212553,0.00041591451736167073,0.0004918302875012159,0.0005677460576407611,0.0006436618277803063,0.0007195776561275125,0.0007954934262670577,0.0008714091964066029,0.0009473249665461481,0.0010232407366856933,0.0010991565650328994,0.0011750722769647837,0.0012509881053119898,0.001326903817243874,0.0014028196455910802,0.0014787353575229645,0.0015546511858701706,0.0016305670142173767,0.001706482726149261,0.0017823985544964671,0.0018583142664283514,0.0019342300947755575,0.0020101459231227636,0.002086061518639326,0.002161977346986532,0.0022378931753337383],"_type":"histogram"},"train/critic_loss":0.19066599,"gradients/critic.qf0.4.bias":{"_type":"histogram","values":[1],"bins":[-1,-1]},"gradients/critic.qf0.0.bias":{"_type":"histogram","values":[1,0,3,1,1,2,3,5,2,14,19,66,180,48,20,8,3,4,2,4,1,0,0,2,1,0,0,0,0,1,0,1,0,1,2,0,0,0,0,0,0,1,0,0,0,0,1,0,0,1,1,0,0,0,0,0,0,0,0,0,0,0,0,1],"bins":[-0.12676399946212769,-0.11648108810186386,-0.10619816929101944,-0.09591525793075562,-0.0856323391199112,-0.07534942775964737,-0.06506651639938354,-0.05478360131382942,-0.0445006862282753,-0.034217771142721176,-0.023934857919812202,-0.013651943765580654,-0.003369029611349106,0.0069138845428824425,0.01719679869711399,0.027479711920022964,0.03776262700557709,0.04804554209113121,0.05832845717668533,0.06861136853694916,0.07889428734779358,0.0891771987080574,0.09946011006832123,0.10974302887916565,0.12002594023942947,0.1303088515996933,0.14059177041053772,0.15087468922138214,0.16115759313106537,0.1714405119419098,0.1817234307527542,0.19200633466243744,0.20228925347328186,0.21257217228412628,0.2228550761938095,0.23313799500465393,0.24342091381549835,0.2537038326263428,0.263986736536026,0.27426964044570923,0.28455257415771484,0.29483547806739807,0.3051183819770813,0.3154013156890869,0.32568421959877014,0.33596712350845337,0.346250057220459,0.3565329611301422,0.36681586503982544,0.37709879875183105,0.3873817026615143,0.3976646363735199,0.4079475402832031,0.41823044419288635,0.42851337790489197,0.4387962818145752,0.4490791857242584,0.45936211943626404,0.46964502334594727,0.4799279272556305,0.4902108609676361,0.5004937648773193,0.510776698589325,0.5210595726966858,0.5313425064086914]},"_runtime":28660.269549068,"rollout/ep_rew_mean":-99,"global_step":999648,"gradients/critic.qf0.2.weight":{"values":[1,1,2,1,0,1,0,1,1,0,0,0,3,3,0,3,5,4,7,4,7,5,9,9,14,13,15,17,30,40,68,130,246,569,117026,1322,230,74,39,20,10,10,5,9,10,4,10,2,2,2,2,3,2,1,0,0,1,1,0,1,0,2,1,2],"bins":[-0.5175120234489441,-0.5026346445083618,-0.48775723576545715,-0.4728798270225525,-0.4580024480819702,-0.44312506914138794,-0.4282476603984833,-0.4133702516555786,-0.39849287271499634,-0.38361549377441406,-0.3687380850315094,-0.35386067628860474,-0.33898329734802246,-0.3241059184074402,-0.3092285096645355,-0.29435110092163086,-0.2794737219810486,-0.2645963430404663,-0.24971893429756165,-0.23484154045581818,-0.2199641466140747,-0.20508675277233124,-0.19020935893058777,-0.1753319650888443,-0.16045457124710083,-0.14557717740535736,-0.1306997835636139,-0.11582238972187042,-0.10094499588012695,-0.08606760203838348,-0.07119020819664001,-0.056312814354896545,-0.041435420513153076,-0.026558026671409607,-0.011680632829666138,0.0031967610120773315,0.0180741548538208,0.03295154869556427,0.04782894253730774,0.06270633637905121,0.07758373022079468,0.09246112406253815,0.10733851790428162,0.12221591174602509,0.13709330558776855,0.15197069942951202,0.1668480932712555,0.18172548711299896,0.19660288095474243,0.2114802747964859,0.22635766863822937,0.24123506247997284,0.2561124563217163,0.2709898352622986,0.28586724400520325,0.3007446527481079,0.3156220316886902,0.33049941062927246,0.3453768193721771,0.3602542281150818,0.37513160705566406,0.39000898599624634,0.404886394739151,0.41976380348205566,0.43464118242263794],"_type":"histogram"},"gradients/critic.qf0.4.weight":{"_type":"histogram","values":[2,0,0,0,0,0,1,0,1,0,0,1,2,0,0,0,0,0,0,0,0,0,0,0,0,0,0,0,0,0,0,0,0,0,0,0,0,0,0,0,0,0,0,0,0,0,0,0,0,0,1,0,0,0,1,1,1,1,0,0,1,0,4,283],