{"_timestamp":1.7337719908779976e+09,"time/fps":37,"gradients/critic.qf0.4.bias":{"bins":[-1,-1],"_type":"histogram","values":[1]},"gradients/critic.qf0.4.weight":{"_type":"histogram","values":[2,0,0,0,2,0,0,0,0,1,3,2,1,0,2,0,5,1,0,0,4,2,2,3,2,0,2,2,1,4,1,3,2,0,1,3,0,1,0,0,2,1,2,2,1,2,0,1,4,2,5,1,3,3,1,0,0,4,1,2,3,2,9,197],"bins":[-8.568897247314453,-8.43500804901123,-8.301118850708008,-8.167230606079102,-8.033341407775879,-7.899452209472656,-7.765563011169434,-7.631674289703369,-7.4977850914001465,-7.363895893096924,-7.230007171630859,-7.096117973327637,-6.962228775024414,-6.82834005355835,-6.694450855255127,-6.5605621337890625,-6.42667293548584,-6.292783737182617,-6.158895015716553,-6.02500581741333,-5.891117095947266,-5.757227897644043,-5.62333869934082,-5.489449977874756,-5.355560779571533,-5.2216715812683105,-5.087782859802246,-4.953893661499023,-4.820004463195801,-4.686115741729736,-4.552226543426514,-4.418337821960449,-4.284448623657227,-4.150559425354004,-4.0166707038879395,-3.882781505584717,-3.7488925457000732,-3.6150035858154297,-3.481114387512207,-3.3472254276275635,-3.21333646774292,-3.0794475078582764,-2.945558547973633,-2.81166934967041,-2.6777803897857666,-2.543891429901123,-2.4100022315979004,-2.276113271713257,-2.1422243118286133,-2.0083353519439697,-1.8744462728500366,-1.7405571937561035,-1.60666823387146,-1.4727792739868164,-1.3388901948928833,-1.2050011157989502,-1.0711121559143066,-0.9372231364250183,-0.80333411693573,-0.6694450974464417,-0.5355560779571533,-0.401667058467865,-0.26777803897857666,-0.13388901948928833,0]},"train/actor_loss":31.569998,"train/learning_rate":0.001,"gradients/actor.mu.2.weight":{"_type":"histogram","values":[2,0,2,2,1,0,2,8,3,0,6,6,8,6,13,15,28,31,45,65,78,115,167,300,409,651,1061,1613,2910,5954,86478,9462,4287,2325,1407,847,553,347,242,150,119,81,59,31,35,24,10,10,8,8,5,2,1,1,2,0,1,0,1,1,1,0,0,1],"bins":[-0.006043495610356331,-0.005846770945936441,-0.005650046281516552,-0.0054533216170966625,-0.005256596952676773,-0.005059872288256884,-0.004863147623836994,-0.004666422959417105,-0.004469698294997215,-0.004272973630577326,-0.004076248966157436,-0.003879524301737547,-0.0036827996373176575,-0.003486074972897768,-0.0032893503084778786,-0.003092625644057989,-0.0028959009796380997,-0.0026991763152182102,-0.0025024516507983208,-0.0023057269863784313,-0.002109002321958542,-0.0019122776575386524,-0.001715552993118763,-0.0015188283286988735,-0.001322103664278984,-0.0011253789998590946,-0.0009286543354392052,-0.0007319296710193157,-0.0005352050065994263,-0.0003384803421795368,-0.00014175567775964737,5.496898666024208e-05,0.0002516931854188442,0.0004484178498387337,0.0006451425142586231,0.0008418671786785126,0.001038591843098402,0.0012353165075182915,0.001432041171938181,0.0016287658363580704,0.0018254905007779598,0.0020222151651978493,0.0022189398296177387,0.002415664494037628,0.0026123891584575176,0.002809113822877407,0.0030058384872972965,0.003202563151717186,0.0033992878161370754,0.003596012480556965,0.0037927371449768543,0.003989461809396744,0.004186186473816633,0.004382911138236523,0.004579635802656412,0.004776360467076302,0.004973085131496191,0.0051698097959160805,0.00536653446033597,0.005563259124755859,0.005759983789175749,0.005956708453595638,0.006153433118015528,0.006350157782435417,0.006546882446855307]},"rollout/ep_rew_mean":-98,"gradients/actor.mu.0.bias":{"bins":[-0.026981117203831673,-0.02624850906431675,-0.025515899062156677,-0.024783290922641754,-0.02405068278312683,-0.023318074643611908,-0.022585466504096985,-0.021852856501936913,-0.02112024836242199,-0.020387640222907066,-0.019655030220746994,-0.01892242208123207,-0.018189813941717148,-0.017457205802202225,-0.0167245976626873,-0.01599198766052723,-0.015259379521012306,-0.014526771381497383,-0.013794162310659885,-0.013061553239822388,-0.012328945100307465,-0.011596336960792542,-0.010863727889955044,-0.010131118819117546,-0.009398510679602623,-0.0086659025400877,-0.007933293469250202,-0.007200684864073992,-0.006468076258897781,-0.005735467653721571,-0.0050028590485453606,-0.00427025044336915,-0.0035376399755477905,-0.00280503137037158,-0.0020724227651953697,-0.0013398141600191593,-0.0006072055548429489,0.0001254030503332615,0.0008580116555094719,0.0015906202606856823,0.0023232288658618927,0.003055837471038103,0.0037884460762143135,0.004521054681390524,0.005253663286566734,0.005986271891742945,0.006718880496919155,0.0074514891020953655,0.008184097707271576,0.008916705846786499,0.009649314917623997,0.010381923988461494,0.011114532127976418,0.01184714026749134,0.012579749338328838,0.013312358409166336,0.01404496654868126,0.014777574688196182,0.01551018375903368,0.016242792829871178,0.0169754009693861,0.017708009108901024,0.018440619111061096,0.01917322725057602,0.019905835390090942],"_type":"histogram","values":[1,0,0,0,0,0,0,0,0,0,0,0,0,0,0,1,0,2,0,1,1,4,2,2,1,3,5,7,12,15,15,23,23,30,21,22,24,21,29,24,28,8,11,14,11,9,7,5,3,6,4,1,2,1,0,0,0,0,0,0,0,0,0,1]},"gradients/actor.mu.4.weight":{"_type":"histogram","values":[1,0,0,0,2,1,0,0,1,0,0,0,4,1,2,2,3,3,6,11,12,18,26,21,45,58,709,106,54,30,18,17,11,8,5,3,0,7,4,1,2,1,0,2,2,1,0,0,0,0,0,1,0,0,0,0,0,0,0,0,0,0,0,1],"bins":[-0.019393764436244965,-0.01867346093058586,-0.01795315556228161,-0.017232852056622505,-0.016512546688318253,-0.01579224318265915,-0.015071938745677471,-0.014351634308695793,-0.01363133080303669,-0.012911026366055012,-0.012190721929073334,-0.011470417492091656,-0.010750113055109978,-0.0100298086181283,-0.009309505112469196,-0.008589200675487518,-0.00786889623850584,-0.007148591801524162,-0.006428287830203772,-0.005707983393222094,-0.004987679421901703,-0.004267374984920025,-0.003547070547938347,-0.0028267663437873125,-0.002106462139636278,-0.0013861579354852438,-0.0006658536149188876,5.4450647439807653e-05,0.0007747549097985029,0.0014950591139495373,0.0022153635509312153,0.0029356677550822496,0.003655971959233284,0.004376276396214962,0.005096580367535353,0.005816884804517031,0.006537188775837421,0.007257493212819099,0.007977797649800777,0.008698102086782455,0.009418405592441559,0.010138710029423237,0.010859014466404915,0.011579318903386593,0.012299623340368271,0.013019927777349949,0.013740231283009052,0.01446053571999073,0.015180840156972408,0.015901144593954086,0.01662144809961319,0.017341753467917442,0.018062056973576546,0.0187823623418808,0.0195026658475399,0.020222969353199005,0.020943274721503258,0.02166357822716236,0.022383883595466614,0.023104187101125717,0.02382449060678482,0.024544795975089073,0.025265099480748177,0.02598540484905243,0.026705708354711533]},"_step":525,"gradients/critic.qf0.0.bias":{"bins":[-0.5267184972763062,-0.5051165223121643,-0.4835145175457001,-0.4619125425815582,-0.440310537815094,-0.41870856285095215,-0.3971065580844879,-0.37550458312034607,-0.35390257835388184,-0.33230060338974,-0.31069862842559814,-0.2890966236591339,-0.26749464869499207,-0.24589265882968903,-0.224290668964386,-0.20268867909908295,-0.1810866892337799,-0.15948469936847687,-0.13788270950317383,-0.11628072708845139,-0.09467873722314835,-0.0730767473578453,-0.051474761217832565,-0.029872773215174675,-0.008270785212516785,0.013331202790141106,0.034933190792798996,0.05653517693281174,0.07813716679811478,0.09973915666341782,0.12134113907814026,0.1429431289434433,0.16454511880874634,0.18614710867404938,0.20774909853935242,0.22935108840465546,0.2509530782699585,0.27255505323410034,0.2941570580005646,0.3157590329647064,0.33736103773117065,0.3589630126953125,0.38056498765945435,0.4021669924259186,0.4237689673900604,0.44537097215652466,0.4669729471206665,0.48857495188713074,0.5101768970489502,0.5317789316177368,0.5533809065818787,0.5749828815460205,0.5965848565101624,0.618186891078949,0.6397888660430908,0.6613908410072327,0.6829928159713745,0.7045947909355164,0.726196825504303,0.7477988004684448,0.7694007754325867,0.7910027503967285,0.8126047849655151,0.834206759929657,0.8558087348937988],"_type":"histogram",