{"_timestamp":1.7357827346293676e+09,"global_step":1000000,"time/fps":39,"_runtime":25157.741657917,"gradients/critic.qf0.4.weight":{"_type":"histogram","values":[1,0,0,0,0,0,0,0,0,0,0,0,1,0,0,0,0,1,0,1,0,0,1,0,0,0,1,0,0,0,0,1,1,1,1,0,2,0,2,1,2,5,10,11,4,9,11,4,3,1,3,3,1,1,0,3,4,2,4,3,4,8,8,181],"bins":[-3.8856334686279297,-3.824920415878296,-3.764207363128662,-3.7034943103790283,-3.6427812576293945,-3.58206844329834,-3.521355390548706,-3.4606423377990723,-3.3999292850494385,-3.3392162322998047,-3.278503179550171,-3.217790126800537,-3.1570773124694824,-3.0963642597198486,-3.035651206970215,-2.974938154220581,-2.9142251014709473,-2.8535120487213135,-2.7927989959716797,-2.732085943222046,-2.671372890472412,-2.6106600761413574,-2.5499470233917236,-2.48923397064209,-2.428520917892456,-2.3678078651428223,-2.3070948123931885,-2.2463817596435547,-2.1856689453125,-2.124955892562866,-2.0642428398132324,-2.0035297870635986,-1.9428167343139648,-1.882103681564331,-1.8213906288146973,-1.760677695274353,-1.6999646425247192,-1.6392515897750854,-1.5785386562347412,-1.5178256034851074,-1.4571125507354736,-1.3963994979858398,-1.335686445236206,-1.2749735116958618,-1.214260458946228,-1.1535474061965942,-1.09283447265625,-1.0321214199066162,-0.9714083671569824,-0.9106953144073486,-0.8499823212623596,-0.7892693281173706,-0.7285562753677368,-0.667843222618103,-0.607130229473114,-0.546417236328125,-0.4857041835784912,-0.4249911606311798,-0.3642781376838684,-0.303565114736557,-0.2428520917892456,-0.1821390688419342,-0.1214260458946228,-0.0607130229473114,0]},"gradients/critic.qf0.4.bias":{"_type":"histogram","values":[1],"bins":[-1,-1]},"gradients/actor.mu.4.bias":{"values":[1,0,0,0,0,0,0,0,0,0,1,0,0,0,0,0,0,0,0,0,0,0,0,0,0,0,0,0,0,0,0,0,0,0,0,0,0,0,0,0,0,0,0,0,0,0,0,0,0,1,0,0,0,0,0,0,0,0,0,0,0,0,0,1],"bins":[-0.00027002362185157835,-0.0002567773626651615,-0.00024353111803065985,-0.00023028487339615822,-0.00021703861420974135,-0.00020379236957523972,-0.00019054612494073808,-0.00017729986575432122,-0.00016405362111981958,-0.00015080737648531795,-0.00013756111729890108,-0.00012431487266439945,-0.0001110686207539402,-9.782236884348094e-05,-8.457612420897931e-05,-7.132987229852006e-05,-5.808362038806081e-05,-4.483736847760156e-05,-3.1591120205121115e-05,-1.8344870113651268e-05,-5.0986200221814215e-06,8.147630069288425e-06,2.1393880160758272e-05,3.4640128433238715e-05,4.7886380343697965e-05,6.113263225415722e-05,7.437888416461647e-05,8.76251287991181e-05,0.00010087138070957735,0.0001141176326200366,0.00012736387725453824,0.0001406101364409551,0.0001538564101792872,0.00016710265481378883,0.0001803489140002057,0.00019359515863470733,0.0002068414178211242,0.00022008766245562583,0.00023333390709012747,0.00024658016627654433,0.0002598264254629612,0.0002730726555455476,0.00028631891473196447,0.00029956517391838133,0.00031281140400096774,0.0003260576631873846,0.00033930392237380147,0.0003525501524563879,0.00036579641164280474,0.0003790426708292216,0.000392288900911808,0.0004055351600982249,0.00041878141928464174,0.00043202764936722815,0.000445273908553645,0.0004585201677400619,0.0004717663978226483,0.00048501265700906515,0.000498258916195482,0.0005115051753818989,0.0005247514345683157,0.0005379976355470717,0.0005512438947334886,0.0005644901539199054,0.0005777364131063223],"_type":"histogram"},"rollout/success_rate":0,"gradients/critic.qf0.0.bias":{"_type":"histogram","values":[1,0,1,1,0,2,0,2,2,8,6,18,30,223,49,10,2,11,6,1,4,1,0,2,0,1,2,1,2,2,1,0,0,1,0,2,1,0,0,0,1,0,0,0,1,0,0,1,0,0,1,0,0,0,0,0,1,0,0,1,0,0,0,1],"bins":[-0.248280331492424,-0.23024867475032806,-0.21221701800823212,-0.19418536126613617,-0.17615368962287903,-0.15812203288078308,-0.14009037613868713,-0.12205871939659119,-0.10402706265449524,-0.08599540591239929,-0.06796374917030334,-0.0499320849776268,-0.03190042823553085,-0.013868769630789757,0.00416288897395134,0.022194547578692436,0.04022620618343353,0.05825786292552948,0.07628951966762543,0.09432118386030197,0.11235284060239792,0.13038450479507446,0.1484161615371704,0.16644781827926636,0.1844794750213623,0.20251113176345825,0.2205427885055542,0.23857444524765015,0.2566061019897461,0.27463775873184204,0.292669415473938,0.31070107221603394,0.32873278856277466,0.3467644453048706,0.36479610204696655,0.3828277587890625,0.40085941553115845,0.4188910722732544,0.43692272901535034,0.4549543857574463,0.47298604249954224,0.49101772904396057,0.5090493559837341,0.5270810127258301,0.545112669467926,0.563144326210022,0.5811759829521179,0.5992076396942139,0.6172393560409546,0.6352710127830505,0.6533026695251465,0.6713343262672424,0.6893659830093384,0.7073976397514343,0.7254292964935303,0.7434609532356262,0.7614926099777222,0.7795242667198181,0.7975559234619141,0.81558758020401,0.833619236946106,0.8516508936882019,0.8696825504302979,0.8877142071723938,0.9057458639144897]},"_step":23747,"gradients/actor.mu.2.bias":{"_type":"histogram","values":[1,0,0,0,0,0,0,0,1,0,0,0,2,0,0,1,1,1,2,3,1,1,1,2,8,3,3,4,11,9,16,25,111,30,17,10,2,0,5,2,1,4,3,2,2,2,1,0,1,0,0,1,0,2,0,2,1,0,3,0,1,0,0,1],"bins":[-0.0015915102558210492,-0.0015425224555656314,-0.0014935346553102136,-0.0014445468550547957,-0.001395559054799378,-0.00134657125454396,-0.0012975834542885423,-0.0012485956540331244,-0.0011996077373623848,-0.001150619937106967,-0.0011016321368515491,-0.0010526443365961313,-0.0010036565363407135,-0.0009546687360852957,-0.0009056809358298779,-0.00085669313557446,-0.0008077053353190422,-0.0007587175350636244,-0.0007097297348082066,-0.0006607419345527887,-0.0006117541342973709,-0.0005627662758342922,-0.0005137784755788743,-0.0004647906753234565,-0.0004158028750680387,-0.0003668150748126209,-0.00031782727455720305,-0.0002688394451979548,-0.00021985164494253695,-0.00017086384468711913,-0.00012187602987978607,-7.288822234841064e-05,-2.3900531232357025e-05,2.5087276299018413e-05,7.407508383039385e-05,0.0001230628986377269,0.00017205069889314473,0.00022103849914856255,0.00027002632850781083,0.00031901412876322865,0.0003680019290186465,0.0004169897292740643,0.0004659775295294821,0.0005149653297849,0.0005639531882479787,0.0006129409885033965,0.0006619287887588143,0.0007109165890142322,0.00075990438926965,0.0008088921895250678,0.0008578799897804856,0.0009068677900359035,0.0009558555902913213,0.001004843390546739,0.001053831190802157,0.0011028189910575747,0.0011518069077283144,0.0012007947079837322,0.00124978250823915,0.0012987703084945679,0.0013477581087499857,0.0013967459090054035,0.0014457337092608213,0.0014947215095162392,0.001543709309771657]},"gradients/critic.qf0.2.weight":{"_type":"histogram","values":[1,0,0,0,0,0,0,1,1,2,1,0,0,0,1,0,4,0,0,3,2,3,7,3,6,11,18,13,21,33,36,50,75,132,202,396,727,6780,108084,1504,650,388,293,211,145,84,59,29,16,0,2,1,0,0,1,2,0,0,1,0,0,0,0,1],