{"gradients/actor.mu.4.bias":{"values":[4],"bins":[0,0],"_type":"histogram"},"_step":23747,"gradients/critic.qf0.2.bias":{"bins":[-0.055643897503614426,-0.05112047865986824,-0.046597063541412354,-0.04207364469766617,-0.03755022585391998,-0.0330268070101738,-0.02850339002907276,-0.023979973047971725,-0.01945655420422554,-0.01493313629180193,-0.010409718379378319,-0.005886300466954708,-0.0013628825545310974,0.0031605353578925133,0.007683953270316124,0.012207371182739735,0.016730789095163345,0.02125420793890953,0.025777624920010567,0.030301041901111603,0.03482446074485779,0.03934787958860397,0.04387129843235016,0.048394713550806046,0.05291813239455223,0.057441551238298416,0.0619649663567543,0.06648838520050049,0.07101180404424667,0.07553522288799286,0.08005864173173904,0.08458206057548523,0.08910548686981201,0.0936289057135582,0.09815232455730438,0.10267574340105057,0.10719916224479675,0.11172257363796234,0.11624599248170853,0.12076941132545471,0.1252928376197815,0.12981624901294708,0.13433966040611267,0.13886308670043945,0.14338649809360504,0.14790992438793182,0.1524333357810974,0.1569567620754242,0.16148017346858978,0.16600358486175537,0.17052701115608215,0.17505042254924774,0.17957384884357452,0.1840972602367401,0.1886206865310669,0.19314409792423248,0.19766750931739807,0.20219093561172485,0.20671434700489044,0.21123777329921722,0.2157611846923828,0.2202846109867096,0.22480802237987518,0.22933144867420197,0.23385486006736755],"_type":"histogram","values":[1,0,0,0,0,0,0,0,0,0,0,1,196,1,1,2,3,6,6,6,15,16,6,11,5,5,3,0,3,4,2,2,1,1,1,0,1,0,0,0,0,0,0,0,0,0,0,0,0,0,0,0,0,0,0,0,0,0,0,0,0,0,0,1]},"gradients/actor.mu.0.weight":{"bins":[0,0],"_type":"histogram","values":[31600]},"gradients/actor.mu.0.bias":{"values":[400],"bins":[0,0],"_type":"histogram"},"rollout/ep_len_mean":50,"gradients/actor.mu.2.bias":{"values":[300],"bins":[0,0],"_type":"histogram"},"gradients/critic.qf0.2.weight":{"bins":[-0.08345665037631989,-0.07462064921855927,-0.06578464806079865,-0.05694865062832832,-0.0481126494705677,-0.03927664831280708,-0.030440649017691612,-0.02160464972257614,-0.012768648564815521,-0.003932648338377476,0.00490335188806057,0.013739352114498615,0.02257535234093666,0.03141135349869728,0.0402473509311676,0.04908335208892822,0.05791935324668884,0.06675535440444946,0.07559135556221008,0.0844273567199707,0.09326335787773132,0.10209935158491135,0.11093535274267197,0.11977135390043259,0.1286073625087738,0.13744334876537323,0.14627934992313385,0.15511535108089447,0.1639513522386551,0.1727873533964157,0.18162335455417633,0.19045935571193695,0.19929537177085876,0.20813137292861938,0.21696737408638,0.22580337524414062,0.23463937640190125,0.24347537755966187,0.2523113787174225,0.2611473798751831,0.2699833810329437,0.27881938219070435,0.28765538334846497,0.2964913845062256,0.3053273856639862,0.3141633868217468,0.32299938797950745,0.33183538913726807,0.3406713604927063,0.3495073616504669,0.35834336280822754,0.36717936396598816,0.3760153651237488,0.3848513662815094,0.39368736743927,0.40252336859703064,0.41135936975479126,0.4201953709125519,0.4290313720703125,0.4378673732280731,0.44670337438583374,0.45553937554359436,0.464375376701355,0.4732113778591156,0.4820473790168762],"_type":"histogram","values":[1,4,4,4,9,10,10,25,31,114689,674,612,636,618,623,467,398,304,218,164,131,76,65,46,35,33,23,17,15,10,6,4,6,2,2,1,2,2,1,3,1,2,1,3,0,0,0,0,0,1,3,0,1,0,2,0,1,1,1,1,0,0,0,1]},"gradients/actor.mu.4.weight":{"_type":"histogram","values":[1200],"bins":[0,0]},"_wandb":{"runtime":24791},"time/fps":40,"global_step":1000000,"rollout/ep_rew_mean":-50,"train/actor_loss":19.43788,"gradients/actor.mu.2.weight":{"_type":"histogram","values":[120000],"bins":[0,0]},"_runtime":24791.95282915,"gradients/critic.qf0.4.bias":{"bins":[-1,-1],"_type":"histogram","values":[1]},"train/learning_rate":0.001,"rollout/success_rate":0,"_timestamp":1.736385070191065e+09,"gradients/critic.qf0.4.weight":{"bins":[-3.7323365211486816,-3.6740188598632812,-3.6157009601593018,-3.5573832988739014,-3.499065399169922,-3.4407477378845215,-3.382430076599121,-3.3241121768951416,-3.265794515609741,-3.2074766159057617,-3.1491589546203613,-3.090841293334961,-3.0325233936309814,-2.974205732345581,-2.9158878326416016,-2.857570171356201,-2.799252510070801,-2.7409346103668213,-2.682616949081421,-2.6242990493774414,-2.565981388092041,-2.5076634883880615,-2.449345827102661,-2.3910281658172607,-2.3327102661132812,-2.274392604827881,-2.2160747051239014,-2.157757043838501,-2.0994393825531006,-2.041121482849121,-1.9828038215637207,-1.9244860410690308,-1.8661682605743408,-1.8078504800796509,-1.749532699584961,-1.6912150382995605,-1.6328972578048706,-1.5745794773101807,-1.5162616968154907,-1.4579439163208008,-1.3996262550354004,-1.3413084745407104,-1.2829906940460205,-1.2246729135513306,-1.1663551330566406,-1.1080373525619507,-1.0497196912765503,-0.9914019107818604,-0.9330841302871704,-0.8747663497924805,-0.8164486289024353,-0.7581308484077454,-0.6998131275177002,-0.6414953470230103,-0.5831775665283203,-0.5248598456382751,-0.4665420651435852,-0.40822431445121765,-0.3499065637588501,-0.29158878326416016,-0.2332710325717926,-0.17495328187942505,-0.1166355162858963,-0.05831775814294815,0],"_type":"histogram","values":[1,0,0,0,0,0,0,0,0,0,0,0,0,0,0,0,0,0,0,0,0,0,0,0,0,0,0,1,0,0,0,0,0,0,2,0,0,0,0,0,1,3,2,4,4,5,1,8,10,15,9,13,8,6,4,4,0,1,0,0,0,0,2,196]},"gradients/critic.qf0.0.weight":{"_type":"histogram","values":[9,0,0,3,0,0,6,3,4,3,6,11,9,8,18,10,11,22,27,36,32,53,96,247,31640,519,159,65,36,23,10,24,17,5,6,11,7,6,7,4,6,3,1,3,4,4,5,2,2,4,1,0,2,2,0,0,0,0,2,0,0,0,0,6],"bins":[-0.7794093489646912,-0.74798583984375,-0.7165622711181641,-0.6851387023925781,-0.653715193271637,-0.6222916841506958,-0.5908681154251099,-0.5594445466995239,-0.5280210375785828,-0.4965974986553192,-0.46517395973205566,-0.4337504208087921,-0.40232688188552856,-0.370903342962265,-0.33947980403900146,-0.3080562651157379,-0.27663272619247437,-0.24520918726921082,-0.21378564834594727,-0.18236210942268372,-0.15093857049942017,-0.11951503157615662,-0.08809149265289307,-0.05666795372962952,-0.025244414806365967,0.006179124116897583,0.03760266304016113,0.06902620196342468,0.10044974088668823,0.13187327980995178,0.16329681873321533,0.19472035765647888,0.22614383697509766,0.2575673758983612,0.28899091482162476,0.3204144537448883,0.35183799266815186,0.3832615315914154,0.41468507051467896,0.4461086094379425,0.47753214836120605,0.508955717086792,0.5403792262077332,0.5718027353286743,0.6032263040542603,0.6346498727798462,0.6660733819007874,0.6974968910217285,0.7289204597473145,0.7603440284729004,0.7917675375938416,0.8231910467147827,0.8546146154403687,0.8860381841659546,0.9174616932868958,0.9488852024078369,0.9803087711334229,1.0117323398590088,1.0431559085845947,1.0745793581008911,1.106002926826477,1.137426495552063,1.1688499450683594,1.2002735137939453,1.2316970825195312]},"train/critic_loss":0.010030253,"gradients/critic.qf0.0.bias":{"values":[1,1,1,1,0,3,1,1,3,1,4,4,7,11,23,284,5,1,2,2,3,1,1,4,3,1,0,3,2,3,0,2,0,1,0,3,1,0,1,1,3,1,1,1,1,0,1,0,0,1,0,1,0,0,0,0,0,1,0,0,0,0,0,3],