{"gradients/critic.qf0.2.weight":{"_type":"histogram","values":[1,0,0,0,0,1,0,0,0,1,1,5,1,1,2,2,1,4,5,4,6,7,7,1,18,16,25,25,35,53,73,119,160,207,381,587,991,1668,3142,93790,15003,2446,673,261,116,65,39,20,8,11,4,3,3,3,0,2,0,1,0,0,0,1,0,1],"bins":[-0.6410087943077087,-0.6248547434806824,-0.6087007522583008,-0.5925467014312744,-0.5763927102088928,-0.5602386593818665,-0.5440846681594849,-0.5279306173324585,-0.5117765665054321,-0.49562257528305054,-0.47946855425834656,-0.4633145332336426,-0.4471604824066162,-0.43100646138191223,-0.41485244035720825,-0.3986984193325043,-0.3825443983078003,-0.3663903772830963,-0.35023635625839233,-0.33408233523368835,-0.3179283142089844,-0.301774263381958,-0.28562024235725403,-0.26946622133255005,-0.25331220030784607,-0.2371581792831421,-0.2210041582584381,-0.20485012233257294,-0.18869610130786896,-0.17254208028316498,-0.1563880443572998,-0.14023402333259583,-0.12408000230789185,-0.10792598128318787,-0.09177195280790329,-0.07561792433261871,-0.059463903307914734,-0.043309878557920456,-0.027155853807926178,-0.0110018290579319,0.005152195692062378,0.021306220442056656,0.037460245192050934,0.05361426994204521,0.06976829469203949,0.08592231571674347,0.10207634419202805,0.11823037266731262,0.1343843936920166,0.15053841471672058,0.16669243574142456,0.18284647166728973,0.1990004926919937,0.2151545137166977,0.23130854964256287,0.24746257066726685,0.2636165916919708,0.2797706127166748,0.2959246337413788,0.31207865476608276,0.32823270559310913,0.3443867266178131,0.3605407476425171,0.37669476866722107,0.39284878969192505]},"train/actor_loss":-11.92333,"train/critic_loss":2.5207677,"_step":3654,"train/learning_rate":0.001,"gradients/critic.qf0.4.weight":{"bins":[-7.202198028564453,-7.089663505554199,-6.9771294593811035,-6.86459493637085,-6.752060890197754,-6.6395263671875,-6.526991844177246,-6.41445779800415,-6.3019232749938965,-6.189388751983643,-6.076854705810547,-5.964320182800293,-5.851785659790039,-5.739251613616943,-5.6267170906066895,-5.514183044433594,-5.40164852142334,-5.289113998413086,-5.17657995223999,-5.064045429229736,-4.951511383056641,-4.838976860046387,-4.726442337036133,-4.613908290863037,-4.501373767852783,-4.388839244842529,-4.276305198669434,-4.16377067565918,-4.051236152648926,-3.93870210647583,-3.826167583465576,-3.7136332988739014,-3.6010990142822266,-3.4885647296905518,-3.376030445098877,-3.263495922088623,-3.1509616374969482,-3.0384273529052734,-2.9258928298950195,-2.8133585453033447,-2.70082426071167,-2.588289976119995,-2.4757556915283203,-2.3632211685180664,-2.2506868839263916,-2.138152599334717,-2.025618076324463,-1.913083791732788,-1.8005495071411133,-1.6880152225494385,-1.5754808187484741,-1.4629464149475098,-1.350412130355835,-1.2378778457641602,-1.1253434419631958,-1.0128090381622314,-0.9002747535705566,-0.7877404093742371,-0.6752060651779175,-0.5626717209815979,-0.4501373767852783,-0.33760303258895874,-0.22506868839263916,-0.11253434419631958,0],"_type":"histogram","values":[1,0,0,0,0,0,0,0,0,0,0,0,0,0,0,0,0,0,0,0,0,1,0,0,1,2,0,0,0,1,0,0,1,0,0,1,1,1,1,1,1,1,0,1,0,0,1,0,0,0,1,1,0,0,1,1,5,1,11,24,12,22,21,184]},"gradients/actor.mu.0.bias":{"bins":[-0.03978265821933746,-0.03829972445964813,-0.0368167944252491,-0.03533386066555977,-0.033850930631160736,-0.032367996871471405,-0.030885064974427223,-0.02940213307738304,-0.02791919931769371,-0.02643626742064953,-0.024953335523605347,-0.023470403626561165,-0.021987471729516983,-0.0205045398324728,-0.01902160607278347,-0.01753867417573929,-0.016055742278695107,-0.014572810381650925,-0.013089877553284168,-0.011606945656239986,-0.01012401282787323,-0.008641080930829048,-0.007158149033784866,-0.005675216671079397,-0.004192284308373928,-0.002709351945668459,-0.0012264198157936335,0.00025651243049651384,0.0017394446767866611,0.0032223770394921303,0.004705308936536312,0.006188241299241781,0.00767117366194725,0.009154105558991432,0.010637038387358189,0.01211997028440237,0.013602903112769127,0.015085835009813309,0.01656876690685749,0.018051698803901672,0.019534632563591003,0.021017564460635185,0.022500496357679367,0.02398342825472355,0.02546636015176773,0.026949292048811913,0.028432225808501244,0.029915157705545425,0.03139808773994446,0.03288102149963379,0.03436395525932312,0.03584688529372215,0.037329819053411484,0.038812749087810516,0.04029568284749985,0.04177861660718918,0.04326154664158821,0.04474448040127754,0.046227410435676575,0.047710344195365906,0.04919327795505524,0.05067620798945427,0.0521591417491436,0.05364207178354263,0.055125005543231964],"_type":"histogram","values":[1,1,0,0,2,2,0,1,0,3,1,3,2,5,3,5,6,4,9,14,15,10,20,23,15,24,25,29,25,19,23,15,10,13,7,11,9,10,7,5,3,6,0,2,2,1,0,0,0,0,2,2,1,0,0,0,0,0,1,0,1,0,0,2]},"gradients/critic.qf0.2.bias":{"bins":[-0.5779342651367188,-0.5629639029502869,-0.5479934811592102,-0.5330231189727783,-0.5180526971817017,-0.5030823349952698,-0.4881119430065155,-0.47314155101776123,-0.45817118883132935,-0.4432007968425751,-0.4282304048538208,-0.41326001286506653,-0.39828962087631226,-0.383319228887558,-0.3683488667011261,-0.3533784747123718,-0.33840808272361755,-0.3234376907348633,-0.308467298746109,-0.2934969365596771,-0.27852654457092285,-0.2635561525821686,-0.2485857605934143,-0.23361538350582123,-0.21864499151706696,-0.20367459952831268,-0.1887042224407196,-0.17373383045196533,-0.15876343846321106,-0.14379306137561798,-0.1288226693868637,-0.11385228484869003,-0.09888187050819397,-0.0839114859700203,-0.06894110143184662,-0.053970709443092346,-0.03900032490491867,-0.024029938504099846,-0.009059552103281021,0.005910834297537804,0.02088122069835663,0.035851605236530304,0.05082199349999428,0.06579238176345825,0.08076276630163193,0.0957331508398056,0.11070354282855988,0.12567391991615295,0.14064431190490723,0.1556147038936615,0.17058508098125458,0.18555547297000885,0.20052585005760193,0.2154962420463562,0.23046663403511047,0.24543701112270355,0.26040738821029663,0.2753777801990509,0.2903481721878052,0.30531856417655945,0.3202889561653137,0.335259348154068,0.3502297103404999,0.36520010232925415,0.3801704943180084],"_type":"histogram","values":[1,0,0,1,0,0,1,0,1,1,0,1,0,1,0,1,3,1,0,2,1,0,1,1,0,2,1,1,1,0,2,0,0,1,2,0,1,2,160,9,7,18,29,19,13,4,4,4,1,0,0,0,0,0,0,1,0,0,0,0,0,0,0,1]},"time/fps":32,"rollout/success_rate":0.13,"gradients/actor.mu.4.bias":{"values":[1,0,0,0,0,0,0,0,0,0,0,0,0,0,0,0,0,0,0,0,0,0,0,1,0,0,0,0,0,0,0,1,0,0,0,0,0,0,0,0,0,0,0,0,0,0,0,0,0,0,0,0,0,0,0,0,0,0,0,0,0,0,0,1],"bins":[-0.003062998875975609,-0.0030050829518586397,-0.002947166794911027,-0.002889250870794058,-0.002831334713846445,-0.002773418789729476,-0.002715502865612507,-0.002657586708664894,-0.002599670784547925,-0.0025417546276003122,-0.002483838703483343,-0.002425922779366374,-0.0023680066224187613,-0.002310090698301792,-0.002252174774184823,-0.0021942586172372103,-0.002136342693120241,-0.0020784265361726284,-0.0020205106120556593,-0.00196259468793869,-0.0019046785309910774,-0.0018467626068741083,-0.0017888465663418174,-0.0017309305258095264,-0.0016730144852772355,-0.0016150984447449446,-0.0015571825206279755,-0.0014992664800956845,-0.0014413504395633936,-0.0013834343990311027,-0.0013255184749141335,-0.0012676024343818426,-0.0012096863938495517,-0.0011517703533172607,-0.0010938543127849698,-0.0010359383886680007,-0.0009780223481357098,-0.0009201063076034188,-0.0008621903252787888,-0.0008042742847464979,-0.0007463583024218678,-0.0006884422618895769,-0.000630526221357286,-0.000572610239032656,-0.000514694198500365,-0.00045677818707190454,-0.00039886217564344406,-0.0003409461642149836,-0.0002830301527865231,-0.00022511414135806262,-0.00016719812992960215,-0.00010928210394922644,-5.136609252076596e-05,6.549922545673326e-06,6.446593761211261e-05,0.0001223819563165307,0.00018029796774499118,0.00023821397917345166,0.00029612999060191214,0.0003540460020303726,0.00041196204256266356,0.00046987805399112403,0.0005277940654195845,0.0005857100477442145,0.0006436260882765055],"_type":"histogram"},"gradients/critic.qf0.4.bias":{"_type":"histogram","values":[1],