{"rollout/ep_rew_mean":-17.41,"rollout/success_rate":0.78,"gradients/critic.qf0.4.bias":{"_type":"histogram","values":[1],"bins":[-1,-1]},"gradients/actor.mu.0.weight":{"_type":"histogram","values":[1,0,0,0,0,0,2,2,1,1,3,1,2,1,2,4,1,1,4,6,9,8,9,11,7,16,21,34,48,74,98,190,491,5950,2100,379,171,91,59,56,33,15,15,9,12,13,2,5,3,9,7,3,5,2,1,3,1,2,1,3,0,0,0,2],"bins":[-0.7954554557800293,-0.7719748616218567,-0.7484942674636841,-0.7250136733055115,-0.7015330791473389,-0.6780524253845215,-0.6545718312263489,-0.6310912370681763,-0.6076106429100037,-0.584130048751831,-0.5606494545936584,-0.5371688604354858,-0.5136882066726685,-0.49020764231681824,-0.46672701835632324,-0.44324642419815063,-0.419765830039978,-0.3962852358818054,-0.3728046417236328,-0.3493240177631378,-0.3258434236049652,-0.3023628294467926,-0.2788822054862976,-0.255401611328125,-0.2319210171699524,-0.20844042301177979,-0.18495981395244598,-0.16147920489311218,-0.13799861073493958,-0.11451800912618637,-0.09103740751743317,-0.06755680590867996,-0.04407626390457153,-0.02059566229581833,0.0028849393129348755,0.02636554092168808,0.049846142530441284,0.07332674413919449,0.09680734574794769,0.1202879473567009,0.1437685489654541,0.1672491431236267,0.1907297521829605,0.2142103612422943,0.23769095540046692,0.2611715495586395,0.2846521735191345,0.30813276767730713,0.33161336183547974,0.35509395599365234,0.37857455015182495,0.40205517411231995,0.42553576827049255,0.44901636242866516,0.47249698638916016,0.49597758054733276,0.5194581747055054,0.542938768863678,0.5664193630218506,0.5898999571800232,0.6133805513381958,0.6368612051010132,0.6603417992591858,0.6838223934173584,0.707302987575531]},"gradients/actor.mu.4.weight":{"_type":"histogram","values":[1,0,1,0,0,0,0,0,1,1,1,2,1,4,6,6,6,14,16,17,33,53,67,687,96,45,31,23,11,8,14,11,3,6,4,4,3,4,1,4,2,0,2,1,0,2,0,1,0,0,1,2,0,0,0,1,1,0,0,0,0,0,1,1],"bins":[-0.1348418891429901,-0.12917876243591309,-0.12351562082767487,-0.11785249412059784,-0.11218935996294022,-0.10652622580528259,-0.10086309164762497,-0.09519995748996735,-0.08953683078289032,-0.0838736966252327,-0.07821056246757507,-0.07254742830991745,-0.06688429415225983,-0.0612211637198925,-0.05555802956223488,-0.049894899129867554,-0.04423176497220993,-0.03856863081455231,-0.03290550038218498,-0.02724236622452736,-0.021579233929514885,-0.01591610163450241,-0.010252968408167362,-0.004589835647493601,0.0010732971131801605,0.006736429873853922,0.012399562634527683,0.018062695860862732,0.023725828155875206,0.02938896045088768,0.0350520946085453,0.04071522504091263,0.04637835919857025,0.052041493356227875,0.0577046237885952,0.06336775422096252,0.06903088837862015,0.07469402253627777,0.0803571566939354,0.08602029085159302,0.09168341755867004,0.09734655171632767,0.10300968587398529,0.10867282003164291,0.11433595418930054,0.11999908834695816,0.12566222250461578,0.1313253492116928,0.13698849081993103,0.14265161752700806,0.14831474423408508,0.1539778858423233,0.15964101254940033,0.16530415415763855,0.17096728086471558,0.1766304075717926,0.18229354918003082,0.18795667588710785,0.19361981749534607,0.1992829442024231,0.20494607090950012,0.21060921251773834,0.21627233922481537,0.2219354808330536,0.22759860754013062]},"gradients/actor.mu.2.bias":{"_type":"histogram","values":[2,0,0,0,1,1,1,0,1,0,0,1,2,4,3,3,2,2,7,2,9,6,11,10,16,148,10,9,3,4,6,5,4,6,0,2,2,0,2,2,2,0,1,2,0,0,2,0,2,0,2,0,0,0,0,0,0,0,0,0,0,0,0,2],"bins":[-0.07257067412137985,-0.06968938559293747,-0.06680809706449509,-0.0639268085360527,-0.06104552000761032,-0.05816423147916794,-0.055282942950725555,-0.05240165442228317,-0.04952036589384079,-0.04663907736539841,-0.043757788836956024,-0.04087650030851364,-0.03799521178007126,-0.035113923251628876,-0.03223263472318649,-0.02935134619474411,-0.026470057666301727,-0.023588769137859344,-0.02070748060941696,-0.01782619208097458,-0.014944903552532196,-0.012063615024089813,-0.00918232649564743,-0.006301037967205048,-0.003419749438762665,-0.000538460910320282,0.002342827618122101,0.005224116146564484,0.008105404675006866,0.01098669320344925,0.013867981731891632,0.016749270260334015,0.019630566239356995,0.022511854767799377,0.02539314329624176,0.028274431824684143,0.031155720353126526,0.03403700888156891,0.03691829741001129,0.039799585938453674,0.04268087446689606,0.04556216299533844,0.04844345152378082,0.051324740052223206,0.05420602858066559,0.05708731710910797,0.059968605637550354,0.06284989416599274,0.06573118269443512,0.0686124712228775,0.07149375975131989,0.07437504827976227,0.07725633680820465,0.08013762533664703,0.08301891386508942,0.0859002023935318,0.08878149092197418,0.09166277945041656,0.09454406797885895,0.09742535650730133,0.10030664503574371,0.1031879335641861,0.10606922209262848,0.10895051062107086,0.11183179914951324]},"time/fps":41,"train/actor_loss":-120.50627,"_wandb":{"runtime":38701},"gradients/critic.qf0.2.weight":{"bins":[-1.6324365139007568,-1.5916531085968018,-1.5508697032928467,-1.510086178779602,-1.469302773475647,-1.428519368171692,-1.3877359628677368,-1.3469525575637817,-1.306169033050537,-1.265385627746582,-1.224602222442627,-1.1838188171386719,-1.1430354118347168,-1.1022520065307617,-1.061468482017517,-1.020685076713562,-0.9799016714096069,-0.9391182661056519,-0.898334801197052,-0.8575513958930969,-0.8167679309844971,-0.775984525680542,-0.7352011203765869,-0.6944176554679871,-0.653634250164032,-0.6128508448600769,-0.572067379951477,-0.531283974647522,-0.4905005395412445,-0.44971710443496704,-0.40893369913101196,-0.3681502640247345,-0.32736676931381226,-0.2865833342075348,-0.24579991400241852,-0.20501649379730225,-0.16423305869102478,-0.12344963103532791,-0.08266620337963104,-0.041882775723934174,-0.0010993480682373047,0.039684079587459564,0.08046750724315643,0.1212509348988533,0.16203436255455017,0.20281779766082764,0.2436012178659439,0.2843846380710602,0.32516807317733765,0.3659515082836151,0.4067349433898926,0.44751834869384766,0.4883017838001251,0.5290852189064026,0.5698686242103577,0.6106520891189575,0.6514354944229126,0.6922188997268677,0.7330023646354675,0.7737857699394226,0.8145692348480225,0.8553526401519775,0.8961360454559326,0.9369195103645325,0.9777029156684875],"_type":"histogram","values":[2,1,1,2,2,0,6,5,5,2,6,8,2,8,10,14,10,20,17,28,33,37,51,65,81,94,138,159,202,255,361,487,621,844,1107,1663,2376,3309,5289,8156,79625,5462,3070,2114,1351,868,630,425,286,218,131,98,75,60,27,34,18,16,7,2,3,0,2,1]},"gradients/critic.qf0.0.weight":{"values":[1,0,0,0,0,1,0,0,1,0,0,0,2,2,0,2,1,3,3,4,2,2,6,10,28,58,120,346,8528,1980,324,77,31,14,10,13,5,6,2,5,2,1,1,1,2,0,1,0,1,0,1,1,0,0,0,0,0,1,0,0,0,0,0,1],"bins":[-11.60815143585205,-11.205809593200684,-10.803468704223633,-10.401126861572266,-9.998785972595215,-9.596444129943848,-9.194103240966797,-8.79176139831543,-8.389419555664062,-7.987078666687012,-7.584737300872803,-7.182395935058594,-6.780054092407227,-6.377712726593018,-5.975371360778809,-5.5730299949646,-5.170688629150391,-4.768347263336182,-4.366005897521973,-3.9636642932891846,-3.5613229274749756,-3.1589815616607666,-2.7566399574279785,-2.3542985916137695,-1.9519572257995605,-1.5496158599853516,-1.147274374961853,-0.7449329495429993,-0.3425915241241455,0.05974990129470825,0.462091326713562,0.8644327521324158,1.2667741775512695,1.6691155433654785,2.0714569091796875,2.4737985134124756,2.8761398792266846,3.2784812450408936,3.6808228492736816,4.083164215087891,4.4855055809021,4.887846946716309,5.290188312530518,5.692529678344727,6.094871520996094,6.497212886810303,6.899554252624512,7.301895618438721,7.70423698425293,8.106578826904297,8.508919715881348,8.911261558532715,9.313602447509766,9.715944290161133,10.118285179138184,10.52062702178955,10.922967910766602,11.325309753417969,11.727651596069336,12.129992485046387,12.532334327697754,12.934675216674805,13.337017059326172,13.739357948303223,14.14169979095459],"_type":"histogram"},"gradients/actor.mu.0.bias":{"_type":"histogram",