{"gradients/actor.mu.4.weight":{"values":[1,0,0,0,0,0,0,0,1,2,1,1,3,3,3,0,0,2,7,6,3,2,5,7,8,5,4,7,6,9,17,5,10,17,17,20,31,32,48,649,105,37,24,23,19,13,15,9,4,2,4,2,2,3,2,0,0,1,0,1,0,0,0,2],"bins":[-0.004961687605828047,-0.0048371050506830215,-0.004712522495537996,-0.004587940406054258,-0.004463357850909233,-0.004338775295764208,-0.004214192740619183,-0.004089610185474157,-0.003965027630329132,-0.0038404453080147505,-0.003715862985700369,-0.0035912804305553436,-0.0034666978754103184,-0.0033421155530959368,-0.0032175329979509115,-0.00309295067563653,-0.0029683681204915047,-0.0028437855653464794,-0.002719203243032098,-0.0025946206878870726,-0.002470038365572691,-0.0023454558104276657,-0.0022208732552826405,-0.002096290932968259,-0.0019717083778232336,-0.0018471259390935302,-0.0017225435003638268,-0.0015979609452188015,-0.001473378506489098,-0.0013487960677593946,-0.0012242135126143694,-0.001099631073884666,-0.0009750484023243189,-0.0008504659635946155,-0.0007258834666572511,-0.0006013009697198868,-0.00047671853099018335,-0.00035213606315664947,-0.0002275535953231156,-0.0001029711274895817,2.161134034395218e-05,0.00014619380817748606,0.00027077627601101995,0.00039535874384455383,0.0005199412116780877,0.0006445236504077911,0.0007691061473451555,0.0008936886442825198,0.0010182710830122232,0.0011428535217419267,0.00126743596047163,0.0013920185156166553,0.0015166009543463588,0.0016411833930760622,0.0017657659482210875,0.0018903483869507909,0.0020149308256804943,0.0021395133808255196,0.002264095703139901,0.0023886782582849264,0.002513260580599308,0.0026378431357443333,0.0027624256908893585,0.00288700801320374,0.0030115905683487654],"_type":"histogram"},"gradients/actor.mu.0.weight":{"values":[1,0,0,0,0,0,1,1,2,1,2,2,1,5,4,1,7,6,15,13,16,18,37,39,77,169,705,28876,1108,237,79,53,28,26,17,11,6,7,6,6,1,2,5,2,2,1,0,0,0,0,0,0,0,0,0,1,1,0,0,0,1,0,0,1],"bins":[-0.013075371272861958,-0.012601922266185284,-0.012128472328186035,-0.011655023321509361,-0.011181574314832687,-0.010708124376833439,-0.010234675370156765,-0.009761226363480091,-0.009287776425480843,-0.008814327418804169,-0.008340878412127495,-0.007867429405450821,-0.007393979467451572,-0.0069205304607748985,-0.006447080988436937,-0.0059736319817602634,-0.005500182509422302,-0.005026733037084341,-0.004553284030407667,-0.004079834558069706,-0.0036063853185623884,-0.003132936079055071,-0.0026594866067171097,-0.002186037367209792,-0.0017125881277024746,-0.001239138888195157,-0.0007656895322725177,-0.0002922402345575392,0.00018120906315743923,0.0006546583608724177,0.0011281076585873961,0.0016015570145100355,0.0020750071853399277,0.002548456424847245,0.0030219056643545628,0.003495355136692524,0.003968804143369198,0.004442253615707159,0.00491570308804512,0.005389152094721794,0.005862601567059755,0.0063360510393977165,0.00680950004607439,0.007282949518412352,0.007756398990750313,0.008229847997426987,0.00870329700410366,0.009176746942102909,0.009650195948779583,0.010123644955456257,0.010597094893455505,0.01107054390013218,0.011543992906808853,0.012017442844808102,0.012490891851484776,0.01296434085816145,0.013437790796160698,0.013911239802837372,0.014384688809514046,0.01485813781619072,0.015331587754189968,0.015805037692189217,0.01627848669886589,0.016751935705542564,0.01722538471221924],"_type":"histogram"},"gradients/actor.mu.2.weight":{"values":[2,0,0,0,0,0,1,1,2,0,3,4,5,4,8,9,17,19,21,29,42,61,101,133,205,367,641,1320,3302,102394,6884,2183,960,487,288,185,100,73,52,31,19,13,4,2,9,4,6,1,2,0,0,1,2,0,2,0,0,0,0,0,0,0,0,1],"bins":[-0.0017921259859576821,-0.0017318286700174212,-0.0016715313540771604,-0.0016112340381368995,-0.0015509368386119604,-0.0014906395226716995,-0.0014303422067314386,-0.0013700448907911777,-0.0013097475748509169,-0.001249450258910656,-0.001189152942970395,-0.0011288556270301342,-0.0010685583110898733,-0.0010082611115649343,-0.0009479637956246734,-0.0008876664796844125,-0.0008273691637441516,-0.0007670718478038907,-0.0007067745318636298,-0.0006464772741310298,-0.000586179958190769,-0.0005258826422505081,-0.00046558535541407764,-0.0004052880685776472,-0.0003449907526373863,-0.00028469343669712543,-0.000224396149860695,-0.00016409884847234935,-0.00010380154708400369,-4.350424569565803e-05,1.679305569268763e-05,7.709035708103329e-05,0.00013738754205405712,0.00019768484344240278,0.00025798214483074844,0.00031827943166717887,0.00037857674760743976,0.00043887406354770064,0.0004991713212803006,0.0005594686372205615,0.0006197659531608224,0.0006800632691010833,0.0007403605850413442,0.0008006578427739441,0.000860955158714205,0.0009212524746544659,0.0009815497323870659,0.0010418470483273268,0.0011021443642675877,0.0011624416802078485,0.0012227389961481094,0.0012830363120883703,0.0013433336280286312,0.0014036308275535703,0.0014639281434938312,0.001524225459434092,0.001584522775374353,0.0016448200913146138,0.0017051174072548747,0.0017654147231951356,0.0018257119227200747,0.0018860092386603355,0.0019463065546005964,0.0020066038705408573,0.002066901186481118],"_type":"histogram"},"gradients/actor.mu.4.bias":{"values":[1,0,0,0,0,0,0,0,0,0,0,0,0,0,0,1,0,0,0,0,0,0,0,0,0,0,0,0,0,0,0,0,0,0,0,0,0,0,0,0,0,0,0,0,0,0,0,1,0,0,0,0,0,0,0,0,0,0,0,0,0,0,0,1],"bins":[-0.00014700987958349288,-0.00014197050768416375,-0.00013693113578483462,-0.0001318917638855055,-0.00012685239198617637,-0.00012181302008684725,-0.00011677364818751812,-0.000111734276288189,-0.00010669490438885987,-0.00010165553248953074,-9.661616059020162e-05,-9.157678869087249e-05,-8.653741679154336e-05,-8.149804489221424e-05,-7.645867299288511e-05,-7.141930109355599e-05,-6.637992919422686e-05,-6.134055729489774e-05,-5.630118539556861e-05,-5.126181349623948e-05,-4.622244159691036e-05,-4.118306969758123e-05,-3.6143697798252106e-05,-3.110432589892298e-05,-2.6064953999593854e-05,-2.1025582100264728e-05,-1.5986210200935602e-05,-1.0946838301606476e-05,-5.9074664022773504e-06,-8.680945029482245e-07,4.171277396380901e-06,9.210649295710027e-06,1.4250006643123925e-05,1.928937854245305e-05,2.4328750441782176e-05,2.9368122341111302e-05,3.440749424044043e-05,3.9446866139769554e-05,4.448623803909868e-05,4.9525609938427806e-05,5.456498183775693e-05,5.960435373708606e-05,6.464372563641518e-05,6.968309753574431e-05,7.472246943507344e-05,7.976184133440256e-05,8.480121323373169e-05,8.984058513306081e-05,9.487995703238994e-05,9.991932893171906e-05,0.00010495870083104819,0.00010999807273037732,0.00011503744462970644,0.00012007681652903557,0.0001251161884283647,0.00013015556032769382,0.00013519493222702295,0.00014023430412635207,0.0001452736760256812,0.00015031304792501032,0.00015535241982433945,0.00016039179172366858,0.0001654311636229977,0.00017047053552232683,0.00017550990742165595],"_type":"histogram"},"gradients/actor.mu.0.bias":{"values":[1,0,0,1,0,2,1,1,2,4,2,1,11,4,7,5,9,8,11,13,14,30,170,30,14,10,14,2,5,6,1,3,1,3,2,1,0,2,0,3,2,1,0,0,1,0,0,0,0,0,0,0,0,0,0,0,0,0,0,1,0,0,0,1],